TANGGAL;TN;TX;TAVG;RH_AVG;RR;SS;FF_X;DDD_X;FF_AVG;DDD_CAR
01-01-2020;24,2;34,2;28,9;78;0;5,6;4;290;2;N 
02-01-2020;25,8;33,2;28,5;82;2,5;6,1;4;240;2;NE
03-01-2020;24,8;32,8;27,2;86;16,6;4,6;3;210;1;E 
04-01-2020;24,6;31,2;27,6;82;2,3;4,7;4;180;2;E 
05-01-2020;24,8;31;27,6;82;8888;4,9;4;320;2;NW
06-01-2020;25,4;31,8;28;82;0;1,8;4;110;2;W 
07-01-2020;25,8;33;28,6;80;0;1,1;4;260;2;NW
08-01-2020;24,4;34,2;28,4;75;0;3,5;4;210;2;W 
09-01-2020;25,4;34,6;28,9;69;0;7;5;270;3;W 
10-01-2020;25,8;33,6;29,1;76;0;7,6;4;250;2;W 
11-01-2020;23,8;30;25,9;89;71,5;9,1;3;180;2;NE
12-01-2020;23,9;30,4;27,1;83;49,5;1,3;3;330;2;N 
13-01-2020;24;35;28,4;82;8888;3,8;4;210;2;N 
14-01-2020;25,8;26,8;25,8;94;2;7,5;4;340;1;C 
15-01-2020;23,2;30,4;27,7;77;60,2;0;3;160;2;SW
16-01-2020;-;33,4;27,9;84;0;1;4;50;1;W 
17-01-2020;24,8;34,4;28,7;84;0;6;3;50;2;NE
18-01-2020;25,2;31,8;27,3;88;5;7,5;12;350;2;C 
19-01-2020;24,2;34;28,5;80;7,4;1,8;3;260;2;N 
20-01-2020;24,8;34;28,9;79;0;7;5;280;3;NW
21-01-2020;24;33,8;28,7;76;0;7,4;6;300;4;W 
22-01-2020;24,8;33,6;29,1;74;0;10,5;7;270;4;W 
23-01-2020;25,2;33,6;28,8;74;0;8;5;280;4;W 
24-01-2020;25,2;34,6;29,1;72;0;11;5;260;3;NW
25-01-2020;26,2;34,2;29,3;76;0;8;4;250;3;SW
26-01-2020;25,2;33,4;27,1;88;0;6,5;5;320;2;W 
27-01-2020;24,2;34,2;29,1;78;24;2;4;250;2;W 
28-01-2020;26;34,4;29,6;78;0;7,6;5;250;3;W 
29-01-2020;25,8;35;30,1;77;0;7;4;290;2;W 
30-01-2020;-;33,4;28,2;85;-;7,8;4;330;2;NW
31-01-2020;24,2;27,6;25,6;86;6;1,2;3;190;1;C 
01-02-2020;24;33,4;28,3;78;2,7;0;5;280;3;W 
02-02-2020;24,4;34,2;28,7;72;-;7,2;5;230;3;W 
03-02-2020;23,6;34,4;29,1;72;0;7,5;5;270;3;W 
04-02-2020;23,8;34;29,5;76;0;7,5;4;200;2;N 
05-02-2020;24;34;29,2;72;0;6,1;4;240;2;N 
06-02-2020;25,6;32,4;28,4;82;38;3,5;4;40;2;N 
07-02-2020;25;29;26,8;89;8888;4,1;4;310;2;NW
08-02-2020;24,4;33,6;27,9;82;11,6;0,8;4;160;1;C 
09-02-2020;24,4;33;28,1;82;24,5;4,7;3;180;2;SE
10-02-2020;23,8;31,2;27,1;82;12,3;5,4;4;170;2;C 
11-02-2020;24,4;33,6;28,3;73;0;3,1;4;250;3;NW
12-02-2020;24,8;34,2;28,8;75;-;8;6;250;3;NW
13-02-2020;25;33,2;28,5;78;0;7,9;6;250;4;W 
14-02-2020;-;34,4;29,9;69;0;7,7;4;300;3;W 
15-02-2020;25,8;33,6;28,3;80;0;7,9;4;300;2;NW
16-02-2020;24,4;32,2;27,9;82;8888;5,3;4;250;2;W 
17-02-2020;25,6;33,8;28,3;84;-;3,5;4;270;2;NE
18-02-2020;25;31;27,3;79;0,7;4;3;330;2;NW
19-02-2020;-;32,6;28,4;80;-;0,1;4;210;2;SW
20-02-2020;24,6;34,2;28,3;80;2;3,2;5;270;4;W 
21-02-2020;25,4;34,4;28,9;74;0;7,4;5;300;4;NW
22-02-2020;25;34,2;28,9;70;0;7,2;6;250;4;W 
23-02-2020;-;34,2;29,2;72;0;7,1;5;270;3;W 
24-02-2020;-;34,4;29,1;71;0;7,5;5;280;3;W 
25-02-2020;23,6;34,8;29,3;73;0;7,5;6;260;4;W 
26-02-2020;26,6;34;29,8;73;8888;8;5;270;3;N 
27-02-2020;25;33,4;29,2;75;8888;3,2;3;350;2;N 
28-02-2020;25,9;35;29,6;73;0;3,1;4;260;3;W 
29-02-2020;26,2;34,1;29,3;74;0;5,7;4;260;2;NW
01-03-2020;24,6;35;30,1;73;0;5;4;270;2;NW
02-03-2020;25;34,8;30,2;77;-;7,8;5;260;2;W 
03-03-2020;26,2;34,8;29,7;72;1;5;5;280;3;W 
04-03-2020;25;29;27,5;86;8888;7;3;40;1;C 
05-03-2020;24,8;32,6;27,9;84;8888;0;3;340;2;N 
06-03-2020;24,4;30,8;26,8;84;4,7;1,6;2;250;1;N 
07-03-2020;24,6;33,2;28,3;83;2;0,4;4;230;2;SW
08-03-2020;23,2;32,4;27,7;81;8;4,4;3;360;2;N 
09-03-2020;23,2;34,6;30,5;68;0;1,1;6;260;2;C 
10-03-2020;24,2;34,6;28,8;80;4,6;4,5;4;270;2;W 
11-03-2020;25,8;34,6;29,6;77;1,5;5,8;5;270;3;W 
12-03-2020;-;35;30,2;74;0;7,7;5;270;3;W 
13-03-2020;25,2;34;28,5;80;0;6,8;5;300;4;W 
14-03-2020;25,4;33,4;29,1;77;-;7,5;4;270;2;N 
15-03-2020;-;33,2;29,3;76;0;2,7;5;280;3;W 
16-03-2020;24,8;34,4;29,5;74;0;4,9;5;260;3;W 
17-03-2020;23,6;34,4;28,8;74;0;7,4;5;270;3;W 
18-03-2020;24,4;34,6;29,5;73;0;7,5;6;260;4;W 
19-03-2020;-;33,2;29,1;75;-;8;9;240;3;W 
20-03-2020;24,8;33,8;28,7;79;0;4,2;4;310;2;NW
21-03-2020;22,8;28,6;25,5;89;94,1;4,8;3;360;1;N 
22-03-2020;23;33,8;28;80;1,3;0;4;230;2;N 
23-03-2020;-;35,8;29,4;75;0;6,5;4;250;2;N 
24-03-2020;24,7;32,4;28;82;8,2;7,8;3;300;1;NW
25-03-2020;24,6;33,6;28,9;77;8888;2,9;5;250;2;N 
26-03-2020;24,8;33;29,1;76;1;5,7;4;230;2;NW
27-03-2020;26,6;34,4;29,7;78;0;4,4;6;260;3;W 
28-03-2020;24,6;35,4;29,3;76;0;7,1;3;320;2;NW
29-03-2020;24,4;33;28,5;80;3,1;7,2;4;260;2;W 
30-03-2020;-;32;28,2;82;8888;4,3;4;190;2;SW
31-03-2020;25,3;34,8;28,7;80;6;3,5;4;280;2;N 
01-04-2020;24,2;32;27,5;82;4,5;6,1;5;230;2;SW
02-04-2020;23,3;33;28,1;85;4,5;3,9;3;30;2;NW
03-04-2020;24,8;34;29,2;77;29,5;5;4;250;3;W 
04-04-2020;25,2;33,7;29,5;74;0;7,8;5;250;3;W 
05-04-2020;26;35;29,6;72;0;6,6;5;270;3;W 
06-04-2020;24,6;34,8;30,4;71;0;8;5;250;3;W 
07-04-2020;-;34;28,5;81;0;7,8;3;30;2;N 
08-04-2020;24,2;31,1;27,4;86;10;5,9;4;150;2;N 
09-04-2020;25,2;34;28,1;83;5;0,6;4;200;2;N 
10-04-2020;25;33,8;29,2;80;8888;4,9;4;210;2;NW
11-04-2020;23,8;31;27,6;78;1;5,3;4;10;2;N 
12-04-2020;24,6;34;29;78;8888;0,7;4;250;2;W 
13-04-2020;25,8;34,6;29,4;77;4;6,9;4;270;2;W 
14-04-2020;24,4;34;29,2;74;0;7,2;5;260;2;SW
15-04-2020;24,6;35,8;29,9;72;0;6,9;4;240;2;N 
16-04-2020;24,6;34,8;29,9;72;-;6,8;4;270;2;W 
17-04-2020;26,6;35,4;30,2;77;0;7,6;7;240;4;NW
18-04-2020;25,4;35,6;30,4;72;0;7,8;6;260;3;W 
19-04-2020;25;31,6;28;83;1,3;7,7;4;350;2;N 
20-04-2020;24,8;33,1;28,7;80;0,4;3,2;4;150;2;W 
21-04-2020;25,5;35;29,2;76;0,6;3,2;3;160;2;SW
22-04-2020;25;32,2;27;90;0;5,7;13;300;2;N 
23-04-2020;25,2;33,4;28,8;83;7,5;2,3;3;250;1;N 
24-04-2020;25,2;36,2;28,5;83;8888;5,1;3;350;2;N 
25-04-2020;25,6;33,8;28,4;80;49,5;7,5;4;180;2;N 
26-04-2020;24,6;30,4;27,6;85;41,4;5,1;3;260;1;C 
27-04-2020;24,6;33,4;28,9;79;4,8;1,2;4;270;2;W 
28-04-2020;25;31,2;27,5;86;-;5,5;3;340;2;E 
29-04-2020;25,6;32,1;27,4;87;8,5;2,1;4;170;2;S 
30-04-2020;24,4;30,2;26,6;91;4;2,9;4;350;1;C 
01-05-2020;25;32,4;-;-;18,8;0,6;5;220;2;SW
02-05-2020;25,2;32;28;88;8888;5,1;4;240;1;C 
03-05-2020;24,4;31,4;27,5;82;18;2,1;3;310;2;NW
04-05-2020;24;33,4;28,8;83;-;3,3;3;190;1;C 
05-05-2020;25,2;33,8;28,8;83;0,9;1,7;5;210;2;SW
06-05-2020;25,8;34,4;29,9;81;-;5,8;3;240;1;SW
07-05-2020;25,8;34,2;29,9;80;-;4,2;3;220;2;SW
08-05-2020;26;35,2;30,4;78;0;4,6;4;260;2;SW
09-05-2020;26,4;32,8;28,1;88;8888;6,1;4;270;1;C 
10-05-2020;24;32,4;28,1;80;42;2,3;3;10;1;NE
11-05-2020;25,4;35,2;29,2;80;8888;3,6;4;140;2;E 
12-05-2020;26,1;32,7;29,1;84;0;7,3;4;340;2;N 
13-05-2020;25,4;34,4;29,8;76;1,4;2,9;4;260;2;C 
14-05-2020;25,6;32,8;29,3;81;-;5,4;4;170;2;C 
15-05-2020;26;33,3;29,1;84;1,3;4;3;100;1;C 
16-05-2020;25,6;34,2;28,6;86;18;2,2;4;120;1;C 
17-05-2020;25,8;31,8;28,1;88;7,3;3,6;4;150;2;N 
18-05-2020;25,2;32,2;27,5;88;1,8;2,5;3;320;1;C 
19-05-2020;26;31,3;26,5;93;12;3;3;150;1;C 
20-05-2020;25;34;28,5;84;5,7;0,3;3;260;1;C 
21-05-2020;25,4;31,6;26,9;91;0;6,1;4;30;1;C 
22-05-2020;23,6;28,1;25,7;92;45,4;1,4;2;10;1;N 
23-05-2020;24,4;33,2;28,2;81;28;0;3;150;2;SE
25-05-2020;26,4;30,6;27,4;90;0;2,5;4;340;1;N 
26-05-2020;24,4;34;29;78;0,8;0,8;4;260;2;N 
27-05-2020;24,6;33,4;29,4;82;-;7,7;4;170;2;S 
28-05-2020;25;31,6;28,1;86;11,6;5,7;3;250;2;NW
29-05-2020;24,6;31,4;27,7;85;11,7;4,2;4;250;2;W 
30-05-2020;25,8;33,5;29;79;0;3,2;4;250;2;NW
31-05-2020;25,6;32,6;28,3;82;0;5,2;5;260;3;W 
01-06-2020;24,8;32;28,3;83;4,4;2,1;4;150;1;C 
02-06-2020;24,8;33,7;27,3;87;0,5;2,7;3;350;1;C 
03-06-2020;24,8;31,7;28,1;84;44,5;3,6;3;230;1;C 
04-06-2020;25,2;33,9;28,6;82;1,4;2,9;3;220;1;C 
05-06-2020;24,9;33,8;28,8;82;8888;4,9;2;340;2;N 
06-06-2020;-;29,4;27,3;86;8888;4,9;3;180;2;N 
07-06-2020;23,8;33,2;28;82;0;0,1;3;340;2;NW
08-06-2020;25,6;30,8;27,2;90;0;5,6;3;70;2;C 
09-06-2020;25,5;31,4;27,1;89;6,8;1,5;4;90;2;E 
10-06-2020;25;33;29;79;6,8;3,7;4;100;2;NE
11-06-2020;25,4;33;28,5;82;0;6;4;130;2;NW
12-06-2020;26;-;28,8;81;8888;3;3;50;2;SE
13-06-2020;26;33;28,8;84;0;2,2;3;180;1;S 
14-06-2020;25,2;32,8;28;86;11;2,4;4;250;2;N 
15-06-2020;23,6;29,4;26,4;86;30,6;5;3;320;1;NW
16-06-2020;25,2;33,7;28,6;81;8888;1,5;4;180;2;N 
17-06-2020;25,4;33,3;28,1;85;8888;4,8;4;190;1;C 
18-06-2020;24,5;33,4;-;-;4;2,9;3;350;2;N 
19-06-2020;24,8;31,6;27,4;86;1;5;3;230;1;N 
20-06-2020;24,6;30,6;27,3;87;11;1,6;2;320;1;C 
21-06-2020;25;33,2;27,6;85;1,5;1,5;3;210;2;N 
22-06-2020;-;30,2;27,2;88;5,3;4,6;3;160;1;C 
23-06-2020;-;32,4;26,9;86;4;0,3;2;350;1;C 
24-06-2020;-;28,6;26,1;91;1;3;3;60;1;NW
25-06-2020;24,4;30,8;26,8;88;2,2;0;4;80;2;N 
26-06-2020;25;28,8;26,1;90;21,1;2,5;3;40;2;N 
27-06-2020;24,3;30,2;26,4;87;0,5;0;3;360;1;N 
28-06-2020;24,4;28,4;26;90;0,6;0,7;3;360;2;N 
29-06-2020;24;31,2;27,1;83;14,4;1,2;4;200;1;C 
30-06-2020;23,6;33,8;27,8;82;-;2,3;3;30;2;N 
01-07-2020;24,8;32;27,7;81;8888;6,2;3;220;2;E 
02-07-2020;26;32,6;28,3;82;0;3,1;3;180;2;E 
03-07-2020;24,2;30,4;27;83;0;1,8;3;90;2;NE
04-07-2020;25,2;32,4;28,1;81;1;0,2;3;150;2;N 
05-07-2020;24,4;31;28,2;79;0;3,6;3;150;2;E 
06-07-2020;25;30;26,6;86;0;2,7;2;90;1;C 
07-07-2020;24,8;33,3;27,4;84;1,5;0;3;20;2;N 
08-07-2020;24,4;29,7;26,6;90;1,4;5,1;3;310;1;N 
09-07-2020;24,6;30;26,1;90;3;0,3;3;330;1;NW
10-07-2020;-;31;26,7;85;34,7;0,7;2;220;1;N 
11-07-2020;25,4;32,4;27,4;87;8888;1,6;3;290;2;NW
12-07-2020;24,6;29;26,5;89;14,1;2;2;320;1;C 
13-07-2020;24,5;33,4;28,3;82;5,8;0;3;10;1;N 
14-07-2020;24;27,6;25,2;93;12,1;7;2;240;1;N 
15-07-2020;23,8;31,6;26,4;88;13,7;0;3;300;1;NW
16-07-2020;24;29,2;26,2;91;25,9;2,6;2;360;1;C 
17-07-2020;24,4;32,2;27,9;81;5;0,6;4;240;2;SW
18-07-2020;24,8;31,6;27,2;86;0,4;4,9;3;230;2;N 
19-07-2020;24,6;33;27,9;82;1;2,9;3;190;2;C 
20-07-2020;25,4;33;28,5;80;-;3,8;3;340;2;N 
21-07-2020;25;31,9;27,7;83;8888;3,1;2;290;2;E 
22-07-2020;24,4;32;27,3;84;3,3;2,9;3;240;2;W 
23-07-2020;24,3;28;26,3;90;10;5,1;3;270;1;W 
24-07-2020;24,6;32,1;27,6;82;3;0;3;310;2;NE
25-07-2020;25;31,2;27,7;79;-;4,8;4;30;2;NE
26-07-2020;25;31,2;27,2;83;3,5;3,3;3;50;2;NE
27-07-2020;24,8;32,3;27,7;83;8,6;4;3;50;2;N 
28-07-2020;24,3;33,2;28,4;80;8888;5;4;60;2;N 
29-07-2020;25,2;33;28;80;0;6,3;5;60;3;NE
30-07-2020;23,8;31,2;27,6;81;-;6,6;3;40;2;N 
31-07-2020;25,8;30,4;27,4;83;8888;0,1;3;10;2;N 
01-08-2020;24,9;31,1;27,7;81;0,5;0;3;30;2;N 
02-08-2020;24;29,4;27;86;8888;1,3;2;30;1;NE
03-08-2020;24,8;33;27,5;84;8888;0,5;3;10;2;N 
04-08-2020;24,2;30,6;27,1;87;4;1,9;3;110;1;C 
05-08-2020;25,4;31,8;27,9;84;8888;1;4;150;2;E 
06-08-2020;23,6;32,1;26,7;82;9,3;3,4;3;10;2;N 
07-08-2020;23,6;33;28,7;79;0,1;3;4;90;2;E 
08-08-2020;25,4;33;28,7;79;8888;5,4;4;130;2;E 
09-08-2020;25,2;31;27,1;89;-;7,2;3;20;1;N 
10-08-2020;25;33,4;28,3;80;5,3;0,9;4;200;2;S 
11-08-2020;24,4;32,4;27,7;77;0;6,6;5;150;2;SE
12-08-2020;-;33;28,3;82;1,5;3,7;4;10;2;N 
13-08-2020;24,8;33;27,3;85;21;3,1;3;350;1;C 
14-08-2020;23,2;33,4;27,6;82;2;3,6;4;250;2;C 
15-08-2020;26,2;30,2;27;88;3;5,8;3;10;1;C 
16-08-2020;24,4;30,9;26,6;86;81,8;0,7;3;350;1;E 
17-08-2020;23,9;32,4;27,8;81;0,8;2,6;4;90;2;NE
18-08-2020;25;32,2;27,1;85;0;-;5;330;2;N 
19-08-2020;23,8;31;26,7;87;1,7;3,3;3;70;2;C 
20-08-2020;25;33,2;27,9;83;3,8;2,9;4;150;2;SE
21-08-2020;25,3;32,4;28;81;8888;4,6;4;130;2;SE
22-08-2020;24,8;34,6;28,7;78;0,7;5,1;4;150;3;SE
23-08-2020;25,8;33,5;27,8;83;-;7,6;4;10;2;NW
24-08-2020;23,2;32,8;27,1;84;7,5;5,3;2;360;1;C 
25-08-2020;24,8;31,8;27,1;85;2;4,1;4;150;2;E 
26-08-2020;25,6;31,3;27,4;84;8888;3,8;3;330;2;N 
27-08-2020;23,8;32,2;27;87;46;0,6;3;90;1;NW
28-08-2020;24;32,6;26,7;85;18,6;3,4;3;20;1;C 
29-08-2020;24;33;27,3;87;0,4;4,3;3;300;2;NW
30-08-2020;25,2;33,6;27,3;86;17;4,5;2;20;1;NW
31-08-2020;25;31,1;27,6;83;1,7;4,9;4;90;2;E 
01-09-2020;24,4;31,4;28,2;80;6,5;2,4;3;350;1;NW
02-09-2020;25;31,4;28,2;82;4;3,1;5;20;1;C 
03-09-2020;24,4;31,2;28,2;81;2,5;2,9;2;99;1;E 
04-09-2020;24,8;30,6;28,3;81;66;2,2;3;110;1;N 
05-09-2020;25,6;33;29;79;8888;2;3;300;2;NW
06-09-2020;24,8;30,2;27,8;81;2;3,4;3;10;2;NE
07-09-2020;25;29,5;27,8;83;3,9;1,4;3;290;2;NE
08-09-2020;24,5;32,8;28,7;79;8,9;1,5;4;300;1;NW
09-09-2020;24;30,6;27,5;84;18,3;3,3;2;290;1;C 
10-09-2020;24,6;32,3;29,3;76;5,1;2,9;4;40;2;NW
11-09-2020;24,2;31,2;27,7;82;6,4;5,1;3;320;1;W 
12-09-2020;24,4;31,4;28,8;76;4,8;1,4;3;170;1;NW
13-09-2020;24;29,2;27,4;83;8888;2;3;360;2;E 
14-09-2020;24;32,3;29,3;73;1;0;4;330;2;NW
15-09-2020;24,8;31,3;28,3;77;0,9;6;4;290;2;NW
16-09-2020;24,2;34,4;30,8;64;0;0,2;3;10;2;E 
17-09-2020;25,2;33,4;30,1;71;0;7,5;4;150;2;E 
18-09-2020;24,6;33,8;30;73;-;3;4;280;2;W 
19-09-2020;24,8;31,2;28,3;79;6,9;4,8;5;270;2;W 
20-09-2020;24,8;32,3;29,4;76;0,9;2,6;4;190;2;S 
21-09-2020;24,4;34;30,4;71;0,5;3,3;4;80;2;N 
22-09-2020;24,6;33,6;30,6;69;0;6,9;4;350;2;N 
23-09-2020;24,8;30,4;27,3;81;19,3;6,4;4;320;1;C 
24-09-2020;24;33,2;29,8;73;12;2,8;3;330;2;N 
25-09-2020;-;32,9;27,7;83;8888;5,2;3;330;1;C 
26-09-2020;23,8;33,8;30,3;71;86,1;2,6;3;60;2;N 
27-09-2020;25,2;32;28,1;82;1,3;6,5;3;30;1;C 
28-09-2020;24;31,2;28,4;78;21,6;0,9;3;290;2;NW
29-09-2020;25,2;31,2;28,9;77;3;2;3;360;1;C 
30-09-2020;-;32,8;28,6;79;0,6;1,7;5;140;2;C 
01-10-2020;24,8;33,4;27,8;80;2,1;3,7;4;10;2;N 
02-10-2020;24,4;34;29,1;78;8888;5,8;3;360;2;N 
03-10-2020;26;32,8;28,3;81;8888;5,1;3;320;1;C 
04-10-2020;-;33,2;28,4;80;2,8;2,6;4;330;2;N 
05-10-2020;24,4;30,4;27,8;82;8888;4,4;3;290;2;NW
06-10-2020;25;32,6;27,4;86;8888;0;4;20;2;C 
07-10-2020;-;31,2;27,4;88;4,3;1,6;2;290;1;C 
08-10-2020;24,4;34,6;28,3;83;0,9;0,8;3;140;2;NW
09-10-2020;25,3;30;26,7;90;20,5;5,3;3;310;1;NW
10-10-2020;24,1;29,3;26,7;86;4;0,6;2;330;1;C 
11-10-2020;24,5;33,8;28,4;82;5,2;0;4;90;2;E 
12-10-2020;24,8;30,4;27,6;85;-;6,4;4;290;1;C 
13-10-2020;25,4;32,8;29;80;2,6;1,3;3;210;2;SW
14-10-2020;27,8;35,2;31,6;68;0;5,5;4;230;2;SW
15-10-2020;25,1;28,1;25,8;88;15,4;7,4;2;10;0;C 
16-10-2020;24,8;33,4;27,9;82;7;0;4;90;1;C 
17-10-2020;25;30,8;26,1;94;8888;-;6;90;1;E 
18-10-2020;25;30,2;26,5;92;28,1;0;3;250;1;SW
19-10-2020;-;27,2;24,7;92;17,1;0,2;2;220;1;C 
20-10-2020;23,5;33,2;28,4;81;8,7;0;4;20;2;N 
20-10-2020;23,5;33,2;28,4;81;8,7;0;4;20;2;N 
21-10-2020;25;33,6;28,5;78;8888;4,9;3;180;2;W 
22-10-2020;24,2;35;29,8;73;-;3,2;4;310;2;NW
23-10-2020;26,4;35,2;28,8;78;0;7,7;3;270;2;NW
24-10-2020;24,6;34,1;28,4;82;7,5;6,4;3;280;2;N 
25-10-2020;26,8;-;-;-;0;7,8;4;250;2;NE
26-10-2020;25,4;34,7;28,5;78;8888;5,1;4;150;2;W 
27-10-2020;25,2;31,6;28;76;8888;4,8;5;270;3;W 
28-10-2020;26,6;33;28,3;83;0;4,2;3;330;1;W 
29-10-2020;24,9;33,4;28,6;80;0,3;3,7;6;90;2;N 
30-10-2020;25,2;34,3;28,8;72;-;1,6;5;90;3;NE
31-10-2020;-;32,6;27,5;78;43,5;7,8;3;250;2;W 
01-11-2020;24,8;32;28,1;77;8888;3,1;3;270;2;NE
02-11-2020;25;33,4;26,9;87;6;1,8;3;360;2;S 
03-11-2020;23,4;31,8;27,9;78;16,5;3,5;3;300;2;NW
04-11-2020;24,4;32,8;28;81;-;2,8;5;190;2;NE
05-11-2020;-;34,4;29,1;76;-;2,8;4;20;3;E 
06-11-2020;25;30,4;27,5;84;5;7,3;3;200;1;NW
07-11-2020;25;33,2;28,5;80;2,5;1,4;3;90;1;E 
08-11-2020;23;32,4;27,2;83;10;3,9;3;270;1;W 
09-11-2020;24,2;34;28,9;78;-;2,9;4;270;2;S 
10-11-2020;-;34;28,8;78;-;6,6;3;180;2;W 
11-11-2020;24,6;33,2;28,4;82;-;4;3;360;1;C 
12-11-2020;26;34,4;29,4;76;0;3,7;4;40;2;E 
13-11-2020;25,2;34,4;29,9;76;0;8;5;40;3;NE
14-11-2020;26,2;33;28,9;80;-;6,7;5;90;3;NE
14-11-2020;26,2;33;28,9;80;-;6,7;5;90;3;NE
15-11-2020;-;32,8;28,5;81;1,3;1;3;360;2;N 
16-11-2020;25,4;31,8;28,5;79;-;3,1;4;270;2;W 
17-11-2020;25,6;33,2;28,7;78;0;3,1;3;100;2;E 
18-11-2020;25;34,6;29,3;77;0;4,8;3;90;2;W 
19-11-2020;25,8;31,1;28,7;82;1,5;-;4;180;1;C 
19-11-2020;25,8;31,1;28,7;82;1,5;-;4;180;1;C 
20-11-2020;-;34;28,9;79;3,8;2,1;2;20;1;C 
21-11-2020;24,8;33,2;28,3;84;7,3;3;2;360;1;N 
22-11-2020;25,6;32,2;28,2;82;0,2;4,7;3;90;1;C 
23-11-2020;24,4;32,8;27,5;84;5,5;1,6;3;90;1;C 
24-11-2020;25,1;30,1;26,6;88;27;3,6;3;280;2;W 
25-11-2020;-;33,2;28;86;0,6;1,4;5;320;2;NW
26-11-2020;23,6;32,4;28,3;81;7,3;6,4;3;270;2;W 
26-11-2020;23,6;32,4;28,3;81;7,3;6,4;3;270;2;W 
27-11-2020;23,5;29;26,5;86;17,6;2,7;4;260;2;W 
28-11-2020;22,6;29,3;26,1;92;22,3;0,2;3;280;1;W 
29-11-2020;23,9;33;26,9;90;35;0,1;4;80;2;SW
30-11-2020;-;29,6;26,1;85;15,9;4,4;2;310;0;C 
01-12-2020;23,2;34;28,4;82;8888;0,8;4;300;2;NW
02-12-2020;24;30;26,4;86;14,5;6,8;3;300;1;NW
03-12-2020;23,6;34,6;28;83;8888;0;4;190;2;NW
04-12-2020;25,3;32,5;28,2;82;7;7,4;3;210;2;SW
05-12-2020;25,7;35,8;29,6;78;0;3,1;4;270;2;W 
06-12-2020;25,6;33;29,4;80;8888;7,5;4;310;2;NW
07-12-2020;26,6;32,2;28,8;82;0;1,8;3;110;2;E 
08-12-2020;-;34;28,5;83;2,5;2,2;4;90;2;E 
09-12-2020;26,8;33,6;29,4;78;-;4,7;3;90;1;C 
10-12-2020;24,7;32,6;27,8;82;8,8;3,9;3;130;2;E 
11-12-2020;23,8;32;28,3;83;1,7;4,1;5;280;2;NW
12-12-2020;25,8;32,4;27,1;87;8888;5,2;4;220;1;C 
13-12-2020;23,4;31,6;27,3;83;15,8;3,1;4;140;2;SE
14-12-2020;25,4;33,8;28,7;79;-;3,6;4;310;2;NW
15-12-2020;25;33,6;27,5;85;0;7,1;4;280;2;W 
16-12-2020;24,8;33;28,2;84;8888;4,6;3;300;2;NW
17-12-2020;24;32,8;27,6;85;8;3,9;4;310;2;NW
18-12-2020;23,8;30,2;27,4;86;6;4,3;3;260;1;C 
19-12-2020;24;31,7;27;86;4,6;0,1;4;240;2;C 
20-12-2020;24,2;33,5;29;77;8888;0,8;6;250;3;W 
21-12-2020;24,4;33,6;27,5;82;-;6,1;4;250;2;W 
22-12-2020;24;31,8;26,7;89;9,5;3,9;3;280;1;C 
23-12-2020;24;33,8;27,4;87;7,3;1,4;4;270;2;C 
24-12-2020;25,2;32,1;27,6;85;0,8;3,2;7;320;2;W 
25-12-2020;24,2;28,4;26;89;4,8;1,7;3;310;1;W 
26-12-2020;23;31;26,6;88;1,5;0;3;190;2;W 
27-12-2020;24;33,4;27,2;86;8;0,8;3;300;2;SW
28-12-2020;23;31;27,2;86;2;5,3;3;270;1;C 
29-12-2020;-;31,6;26,2;88;0,5;0,2;6;230;2;C 
30-12-2020;-;33,4;28,2;83;1,6;0,9;5;250;3;W 
31-12-2020;23;32,2;26,6;84;13;5;4;200;2;NW
01-01-2021;23;33,2;26,5;88;1,8;3,3;4;280;2;W 
02-01-2021;23,2;30,8;27,1;88;7;6,4;2;140;1;C 
03-01-2021;24,8;32,7;27,3;84;2;1,2;5;290;2;NW
04-01-2021;24,6;31,8;28,1;84;2,7;5,4;3;300;2;NW
05-01-2021;24,6;31,4;27,4;83;10,5;1,8;4;300;2;W 
06-01-2021;24,3;32,2;27,4;88;5;2,3;4;50;1;C 
07-01-2021;25,2;32,7;27;89;17,2;2,5;4;90;1;C 
08-01-2021;24,6;33,4;28,1;82;74,9;4,2;5;270;2;SE
09-01-2021;-;33,6;27,6;84;15,5;4,5;4;270;2;W 
10-01-2021;23,8;33,4;28,9;82;21,5;5,7;3;350;2;NW
11-01-2021;25,4;33;28,4;82;-;5,5;4;260;2;S 
12-01-2021;25,8;30,6;27,4;90;4;1,6;3;200;2;C 
13-01-2021;24,6;33,8;28,4;82;34,3;0;4;270;2;W 
14-01-2021;24,6;31,8;27,7;85;-;4;4;300;3;W 
15-01-2021;24,6;29;26,5;87;31;2,9;4;260;2;W 
16-01-2021;23,8;33;27,7;78;4,2;0;5;270;3;W 
17-01-2021;23,8;30,1;26;90;4,1;3,2;2;260;1;SW
18-01-2021;21,5;34,3;28,9;80;3;0;4;180;2;W 
19-01-2021;25,1;33,8;28,6;84;-;4,8;4;240;2;SW
20-01-2021;26,2;33;27,3;91;6;3,6;3;280;1;C 
21-01-2021;25,4;33,8;28,1;85;6,5;3;4;140;2;W 
22-01-2021;24;29,4;26;91;8;3,4;2;70;1;C 
23-01-2021;23,5;32,7;28,3;84;8888;0;3;300;2;NW
24-01-2021;24,6;30,2;26,7;84;18,5;3,4;4;270;2;W 
25-01-2021;24,6;29,2;26,9;88;7,3;0,8;3;110;2;E 
26-01-2021;24,4;34,2;27,7;84;8888;0,1;3;290;2;W 
27-01-2021;23,4;34,2;27,3;82;24,6;4,4;7;360;2;N 
28-01-2021;23,4;32,6;28,1;80;4,7;7;4;290;2;N 
29-01-2021;24,6;33;28,5;80;-;3,3;4;50;2;E 
30-01-2021;25;34,2;28;82;-;3,7;3;330;2;NE
31-01-2021;24,6;33,4;28,6;79;8888;6,8;5;80;3;E 
01-02-2021;-;33,2;28,8;79;0;5,6;4;90;2;E 
02-02-2021;24,7;31,4;27,6;84;6,6;4;3;350;1;C 
03-02-2021;25;34,8;28,2;84;-;0;4;10;2;N 
04-02-2021;23;30,2;26;88;33,8;3,8;3;270;1;NW
05-02-2021;24;33,2;28,3;82;2;0;4;80;2;NE
06-02-2021;25,4;32,8;28,4;82;0;5,6;4;120;2;NE
07-02-2021;24;32,5;28,3;82;8888;5;4;360;2;E 
08-02-2021;26,2;34;28,9;80;-;1,2;4;30;2;N 
09-02-2021;23,2;33,2;27,3;83;1,5;5,8;4;160;2;C 
10-02-2021;24;34,6;28,6;82;8;5,3;5;160;2;S 
11-02-2021;25,8;33,1;28;86;0;6,3;3;80;2;E 
12-02-2021;25,4;27;25,6;92;8888;2,7;3;310;1;W 
13-02-2021;23,7;30;25,1;95;23,4;0;3;100;1;W 
14-02-2021;22,4;28,8;24,6;89;35,1;0,3;3;310;1;NW
15-02-2021;22,6;33;26,8;85;8888;1,1;3;150;2;E 
16-02-2021;24;33,5;27,6;84;8888;5,5;5;90;2;N 
17-02-2021;23;30,6;27,3;86;-;5,5;5;280;2;C 
18-02-2021;25;27;25,9;92;8888;0,5;4;310;2;NW
19-02-2021;23,6;34,2;27,2;83;14,2;0;4;70;2;E 
20-02-2021;23,2;31,6;27,4;81;-;5;3;90;2;NE
21-02-2021;24;33,9;26,9;84;0;4,1;4;150;2;C 
21-02-2021;24;33,9;26,9;84;0;4,1;4;150;2;C 
22-02-2021;24,7;30;26,7;85;0,1;5,7;2;310;1;N 
23-02-2021;24,6;27,6;25,9;93;2,9;0;2;10;1;N 
24-02-2021;24,4;33,9;27,9;84;8888;0;4;90;2;E 
25-02-2021;24,2;35,8;29,1;78;0;4,9;5;100;2;NE
26-02-2021;25,4;33,5;28,2;82;0;8;5;240;2;NE
27-02-2021;24,2;33,7;27;85;8888;5,2;6;130;2;C 
28-02-2021;24;32;27,5;83;22,4;4,5;3;270;2;C 
01-03-2021;24,4;31;27;85;0;1,5;3;10;2;N 
02-03-2021;24,5;34,8;28,4;78;8888;0,3;5;90;3;E 
03-03-2021;23,8;32,8;27;83;18,5;7,1;5;90;2;E 
04-03-2021;21,6;32;26,6;86;0;6,1;4;50;1;NE
05-03-2021;-;30;27,2;84;1;2,2;4;30;2;NE
06-03-2021;24,6;33,2;28,2;79;8888;-;5;60;3;NE
07-03-2021;25;33,4;28,4;81;0;6,6;4;90;3;E 
08-03-2021;25,4;33,3;28,9;76;0,4;7,2;4;70;3;E 
09-03-2021;24,6;29,8;26,3;86;10,3;7,5;4;110;1;N 
10-03-2021;23,4;31,4;26,3;85;71;0,4;4;80;1;C 
11-03-2021;25,2;32,8;27;85;8888;3,2;4;140;1;C 
12-03-2021;24;33,2;27,3;84;18;3,3;4;290;1;C 
13-03-2021;24,6;33,7;28,3;78;0,6;2,2;3;250;2;W 
14-03-2021;22,5;28,9;25,5;89;18,2;4,1;3;300;2;W 
15-03-2021;24,4;33,8;28;80;0,9;0;4;260;2;W 
16-03-2021;24,2;33,6;27,5;81;-;7,7;4;300;1;C 
17-03-2021;24;34,6;28,1;81;25;3,7;4;120;2;N 
17-03-2021;24;34,6;28,1;81;25;3,7;4;120;2;N 
18-03-2021;-;32;27,2;86;3,5;7,9;4;350;2;N 
19-03-2021;22,4;34,4;28;78;8888;3,2;5;80;3;E 
20-03-2021;-;32;27,4;84;-;8;5;290;2;C 
20-03-2021;-;32;27,4;84;-;8;5;290;2;C 
21-03-2021;24,2;34,5;28,2;81;9,5;3,3;4;110;2;N 
22-03-2021;24,2;33,8;27,6;83;0,5;7,3;4;300;2;W 
23-03-2021;25,4;30,4;26,4;92;42,1;5,4;4;240;1;NE
24-03-2021;23,4;32,4;27,2;86;39,5;1,9;5;50;2;N 
25-03-2021;-;30,8;27,6;85;0,6;4,4;3;60;2;NE
26-03-2021;25,6;30,4;27,5;88;2;2,6;2;130;1;C 
27-03-2021;24,8;34;28,2;81;8888;0;3;300;2;NW
28-03-2021;24;33,3;27,5;85;8888;5,6;3;170;1;N 
29-03-2021;25,5;33,4;27,1;86;0,9;3,2;6;40;2;S 
30-03-2021;-;32;27,1;83;12,3;4,3;3;280;2;W 
31-03-2021;24,6;31,8;27,9;81;0;0,8;3;300;2;W 
01-04-2021;24,4;34,4;28,4;80;9,3;0,2;4;310;2;NW
02-04-2021;24;31;26,6;85;35,4;6,8;4;120;2;SE
03-04-2021;21,9;33,1;27,8;85;8888;0,8;4;80;1;C 
04-04-2021;24,9;34,2;28,1;82;3,9;2,8;4;180;2;S 
05-04-2021;24,6;31,6;27,2;86;-;4,7;3;290;1;C 
06-04-2021;-;31,6;26,6;82;54,7;1,2;3;160;2;E 
07-04-2021;23,8;33,9;26,9;86;0;3,9;3;70;2;E 
08-04-2021;21;32,1;27,7;83;13,8;5,5;5;130;2;C 
09-04-2021;24;30,4;26,5;86;14;2,9;3;180;2;E 
10-04-2021;23,6;31,4;27,1;81;2,8;0,6;3;270;1;S 
11-04-2021;24,2;33,2;27,6;86;0;0,6;3;240;1;C 
12-04-2021;21;31,1;27,6;85;2;2,3;4;310;2;S 
13-04-2021;24,8;34;27,1;84;-;0,4;7;230;3;N 
14-04-2021;24,8;34;25,9;89;2,7;6;5;230;1;SW
15-04-2021;-;30,4;25,5;88;8,2;4,1;4;310;2;W 
16-04-2021;22,2;33,3;27,2;84;15;2,6;5;150;2;W 
17-04-2021;25,6;31,6;27,4;83;8888;5,8;4;300;1;C 
18-04-2021;23,6;32,8;27,4;84;17;1,5;4;300;2;NW
19-04-2021;24;33,6;28,2;80;8888;2,3;4;290;2;W 
20-04-2021;21,8;34,6;28,7;78;8888;4,9;4;200;2;S 
21-04-2021;25,4;33,4;27,8;84;-;6,2;5;100;2;SW
22-04-2021;25;33,2;27,3;86;10,4;6,1;3;290;2;S 
23-04-2021;25,4;33,4;28,8;76;0;2,2;4;180;2;SW
24-04-2021;22,8;34,6;28,8;79;10,8;7,5;4;170;2;S 
25-04-2021;24,8;33,2;26,7;85;2,3;6,4;6;110;2;C 
26-04-2021;24,8;33,8;27,6;86;8888;2,8;3;220;1;S 
27-04-2021;-;33,2;27,9;81;24,6;4,5;3;170;1;C 
28-04-2021;23,8;32,5;27,5;86;3,1;3,8;3;330;2;NW
29-04-2021;24,6;33,1;28,2;82;43;2,3;4;130;2;NW
30-04-2021;24,6;33;27,9;86;0;5,1;3;170;1;C 
01-05-2021;25,2;31;27,6;87;3,2;5;2;80;1;N 
02-05-2021;21,4;33,8;28,6;79;8888;1,3;6;60;2;E 
03-05-2021;25;33,8;28,6;82;8888;8;3;50;2;NE
04-05-2021;-;31,9;28;83;3,7;5,1;3;10;2;E 
05-05-2021;26;33,4;28,3;85;21,7;3,1;3;90;2;NE
06-05-2021;22,8;30,1;27,4;88;3,5;3,6;3;330;2;N 
07-05-2021;25;32,6;27,6;83;7;0;4;320;2;NW
08-05-2021;24,6;30,3;26,5;87;18,4;4,1;3;300;2;N 
09-05-2021;24,2;33,2;27,5;85;4,3;2;3;30;1;NE
10-05-2021;23;32,6;28,1;82;0;1,1;3;230;2;S 
11-05-2021;24,6;33,4;27,8;87;0;6,2;4;130;2;SE
12-05-2021;25,4;33,6;28,7;84;8;4,7;3;110;2;NE
13-05-2021;25,8;34;27,6;90;3;3,1;3;320;1;C 
14-05-2021;23,6;32,5;28,3;86;4;2;3;210;2;SE
15-05-2021;25,2;32,4;28,6;82;-;2,3;2;310;1;W 
16-05-2021;-;29,3;27,1;90;8888;3,1;3;130;1;C 
17-05-2021;25,6;32,2;28;88;8888;0;4;90;2;E 
18-05-2021;22,5;33,2;28,2;84;0;2,7;4;100;2;E 
19-05-2021;25,4;33,2;26,8;88;3,9;3,3;4;280;2;W 
20-05-2021;25;30,9;27,6;83;4,2;0,6;4;240;2;SE
21-05-2021;25,2;32;27,3;86;0;0;3;180;2;W 
22-05-2021;23,5;34;28,8;81;0;0;4;130;2;S 
22-05-2021;23,5;34;28,8;81;0;0;4;130;2;S 
23-05-2021;25;28,2;26,3;90;0;6,6;4;290;2;NW
24-05-2021;24,8;32,8;28,6;81;7,2;0;5;320;2;S 
25-05-2021;24,8;31,2;-;-;8888;3;4;350;2;NW
26-05-2021;24,8;33,4;29,1;79;11;1,1;4;220;2;SE
27-05-2021;25,2;33,6;29;80;0;4,9;5;110;2;E 
28-05-2021;25,4;33,9;28,9;82;0,8;5,9;4;100;2;E 
29-05-2021;26,4;32,8;27;88;0;3,3;5;80;2;S 
29-05-2021;26,4;32,8;27;88;0;3,3;5;80;2;S 
30-05-2021;24,2;34,7;29,1;80;29,5;3;5;240;2;SW
31-05-2021;26;34,8;28,6;82;-;5,9;5;180;2;S 
01-06-2021;-;33,2;28,9;80;-;4,2;4;200;2;S 
01-06-2021;-;33,2;28,9;80;-;4,2;4;200;2;S 
02-06-2021;-;33,8;28,9;79;-;6,5;4;230;3;S 
03-06-2021;24,8;35;28,8;77;0;6,9;4;120;2;S 
04-06-2021;26,1;35;29,4;77;0;6,9;5;140;2;E 
05-06-2021;25,2;34,1;29;80;0;6,3;4;130;2;SW
06-06-2021;26;30,2;27,8;88;-;4;3;280;2;W 
07-06-2021;24,6;28,8;26;86;1,9;0,2;2;310;1;C 
08-06-2021;23;33,8;28,1;80;8,5;0;4;170;2;C 
09-06-2021;24,2;32,5;28;83;-;7,8;3;150;2;SE
10-06-2021;25,2;31,2;27;88;0;3,2;4;290;2;C 
11-06-2021;24,2;32,6;27,8;82;0,9;0,7;5;210;2;NW
12-06-2021;21,8;32,6;27,6;85;2,1;5,5;4;320;2;NW
13-06-2021;24,6;29,9;26,4;89;11,2;2,5;3;140;2;E 
14-06-2021;25;33,4;28,5;80;1,6;0,9;4;90;2;N 
15-06-2021;-;31,4;27,6;83;8888;3,5;3;100;2;E 
16-06-2021;22,2;33,2;28,7;78;2,5;2,8;3;110;2;SW
17-06-2021;22,4;31;27;86;0;1,5;3;250;2;C 
18-06-2021;25,2;29,4;27;87;14,8;3,9;3;300;2;NW
19-06-2021;24,2;33,6;27,9;81;10,4;0,3;4;180;2;NW
20-06-2021;22,6;33,4;27,3;83;0;6,2;4;260;3;W 
21-06-2021;24,4;33,2;28,1;79;3;-;4;270;2;W 
22-06-2021;24;32;27,1;78;1,3;5,7;5;130;2;SE
23-06-2021;24;31,4;27,1;84;0;4,2;4;160;1;C 
24-06-2021;24,2;32,6;27,3;86;43;3,1;4;30;2;C 
25-06-2021;-;31,3;27,2;84;32,6;3,1;4;270;2;W 
26-06-2021;-;33,2;27,9;80;5;3,3;3;110;2;SE
27-06-2021;25,4;31,4;27,7;84;0;4,9;3;190;1;N 
28-06-2021;22,7;32,6;27,6;87;4,7;1,6;3;320;2;NW
29-06-2021;24,2;31,1;27;84;8888;2,8;2;40;1;N 
30-06-2021;-;32;28;82;3,1;2,2;3;170;2;S 
01-07-2021;25;34,3;27,1;84;5,9;3,1;6;290;2;W 
02-07-2021;23,6;33,2;25,6;92;82,6;5,2;3;310;2;W 
03-07-2021;24,2;31,3;26,6;88;10,2;1,5;4;160;2;S 
04-07-2021;24,3;31,6;27,3;82;6,6;3,1;4;200;2;SW
05-07-2021;24,6;31,3;28;82;8888;5,7;4;250;2;SW
06-07-2021;22,4;31,2;27,6;84;8888;0,4;3;240;1;SW
07-07-2021;24,4;33,3;28,1;79;8888;0;5;80;2;E 
08-07-2021;-;29,8;26,3;89;8888;6,5;4;200;2;C 
09-07-2021;24;29,6;26,1;87;18,9;1,2;2;170;1;C 
10-07-2021;24,1;32,8;27,6;83;0,8;0,7;4;220;2;S 
10-07-2021;24,1;32,8;27,6;83;0,8;0,7;4;220;2;S 
11-07-2021;24;29,6;26,7;90;0;7,3;2;230;1;C 
12-07-2021;24,9;28,2;25,4;94;4,3;1,2;2;340;1;C 
13-07-2021;23,6;30,1;26,2;89;9,3;0;2;110;1;C 
14-07-2021;-;31,2;27,1;86;1,3;1,4;4;290;2;W 
15-07-2021;24,4;30,4;26,7;81;1,5;1,1;4;220;3;SW
16-07-2021;24,4;27,6;25,5;92;3,3;1,6;3;300;1;NW
17-07-2021;24,4;31,5;27,5;83;1,1;0;5;250;2;W 
17-07-2021;24,4;31,5;27,5;83;1,1;0;5;250;2;W 
18-07-2021;-;34,2;28,6;79;0;1,8;4;240;2;S 
19-07-2021;24,8;33;28,6;81;0;7,2;4;90;2;S 
20-07-2021;-;33,2;27,3;84;5;4,6;4;180;2;S 
21-07-2021;25;27;25,5;86;16;2,6;4;230;2;W 
22-07-2021;23,8;32,2;27,7;77;5;0;4;180;2;SW
23-07-2021;24;34,5;28,6;78;0;4,2;4;200;2;S 
24-07-2021;-;33,8;28,9;78;-;5,6;4;210;3;SW
25-07-2021;25,4;33,2;28,6;77;-;7,1;8;160;3;S 
26-07-2021;25,5;33,8;27,6;84;0;6,3;5;150;2;SW
27-07-2021;23;31,8;28,4;76;44,1;5,5;3;350;2;S 
28-07-2021;22,8;33,8;28,5;80;2,7;3;4;140;3;S 
29-07-2021;25,8;33,3;28,8;80;0;2,7;5;200;3;SW
30-07-2021;22,8;33,2;28,4;80;0;7,5;3;240;2;S 
31-07-2021;26;30;27,6;86;8888;3,6;3;280;2;W 
01-08-2021;-;32,8;27,9;79;8888;0,2;4;220;3;SW
02-08-2021;25,8;33,2;27,4;84;0;4,5;5;40;3;W 
03-08-2021;24,3;33,2;26,6;85;3,2;2,8;3;230;2;W 
04-08-2021;24,4;34;28,3;80;0,6;2,5;4;190;2;S 
05-08-2021;24,8;34,2;28,1;80;-;6,7;5;260;3;SW
06-08-2021;24;32,8;27,5;78;4;5,9;3;330;2;E 
07-08-2021;20,4;33,6;28,3;78;-;2,2;4;240;2;NE
07-08-2021;20,4;33,6;28,3;78;-;2,2;4;240;2;NE
08-08-2021;24,2;33,8;26,7;85;0;5,5;6;130;2;NW
08-08-2021;24,2;33,8;26,7;85;0;5,5;6;130;2;NW
09-08-2021;24,4;31,7;27,4;82;30,5;4,2;3;140;2;SE
10-08-2021;25,4;32,1;28,5;78;0;2,2;4;120;2;S 
11-08-2021;23,6;32,2;27,2;86;0;2,9;4;30;2;NE
12-08-2021;24;31,2;27,2;86;54;4,5;3;300;2;NW
13-08-2021;23;30,4;25,7;88;40,5;2,9;3;250;1;C 
14-08-2021;24,8;32,4;27,4;86;3,5;0;4;40;2;W 
15-08-2021;22,3;33,2;27,1;82;23,3;4;4;110;2;E 
16-08-2021;23,4;35;27,6;84;8;7,5;3;110;1;C 
17-08-2021;24,2;31,4;27,2;86;87,2;2,9;3;240;2;NW
18-08-2021;24,4;33,7;28;80;5,4;3,4;4;330;2;W 
19-08-2021;24,6;29,8;27;85;8888;5,9;4;140;2;SW
20-08-2021;24,4;31,9;27;86;3,6;1,1;3;150;2;NW
21-08-2021;24,6;30,6;27,1;85;3,5;3,2;3;300;2;S 
22-08-2021;24,6;29,1;26,4;89;14,5;2,9;4;280;2;W 
23-08-2021;24,6;29;-;-;7,7;0,1;2;270;1;SW
24-08-2021;24;32,3;26,6;86;1;0;4;210;2;SW
25-08-2021;24;29,2;26,1;89;2,6;4,1;3;150;2;W 
26-08-2021;24,2;34,2;27,3;85;1;1,2;4;180;2;NW
27-08-2021;24;34,2;-;-;8888;6,1;4;280;3;W 
28-08-2021;24,2;29,7;26,5;87;14;3,9;3;250;2;SW
29-08-2021;24,4;33;27,6;85;1;0,5;4;310;2;W 
30-08-2021;24,4;31,9;27,5;87;64,8;4,5;3;10;2;W 
31-08-2021;21,8;32,2;27,7;85;2,6;3,4;3;300;2;N 
01-09-2021;25;30,8;27,5;85;8888;1,8;3;300;2;W 
02-09-2021;-;33;27,8;83;8888;1,4;5;230;2;W 
03-09-2021;-;31;27,5;82;11,8;4,9;4;250;2;SW
04-09-2021;22,8;32,2;27,8;80;8888;1;4;310;2;NW
04-09-2021;22,8;32,2;27,8;80;8888;1;4;310;2;NW
05-09-2021;25,4;31,1;25,8;91;0;1,8;4;280;2;W 
06-09-2021;25;33;26,8;85;40,4;2,1;3;200;1;C 
07-09-2021;24,6;33,3;28,1;77;25,5;3,7;4;240;3;SW
08-09-2021;-;32,2;26,8;89;8888;6,3;5;140;1;C 
09-09-2021;24,8;32,6;27,6;83;16,9;0;4;240;2;SW
10-09-2021;24,8;33,2;28,7;80;-;-;4;80;2;E 
11-09-2021;24,6;32;27,5;84;18,6;5,9;4;80;2;E 
12-09-2021;20,2;28,8;25,5;93;9,6;3,6;2;170;1;NE
13-09-2021;24;31,1;27;86;44,3;0;4;90;2;E 
14-09-2021;24,6;32,6;26,9;88;8888;0,7;5;320;2;NW
15-09-2021;24,8;28,2;25,6;92;22,8;6,7;4;260;2;W 
16-09-2021;21;29,6;26,4;86;36,4;0,8;3;320;2;NW
17-09-2021;-;32,3;27,5;82;0,5;0,5;3;190;1;S 
18-09-2021;24,6;34,2;28,1;82;-;1,7;4;170;2;S 
18-09-2021;24,6;34,2;28,1;82;-;1,7;4;170;2;S 
19-09-2021;24,8;33,7;28,3;78;8888;1,6;4;170;2;S 
20-09-2021;25,3;33;28;81;-;6,2;4;250;2;C 
21-09-2021;24,2;30,7;27,1;84;4,3;3,7;3;300;2;NW
22-09-2021;24,4;29,8;26,8;80;9,5;2,6;4;130;2;SE
23-09-2021;25;32,5;27,9;81;8888;0,1;3;110;1;E 
24-09-2021;25,2;31;27,3;83;8888;2,2;4;300;2;W 
25-09-2021;24,8;34,1;27,9;82;0,5;2,5;3;90;2;E 
26-09-2021;-;32;27,9;83;-;4,3;5;190;2;S 
27-09-2021;25,2;34,4;28,6;78;0;4,3;4;230;2;W 
28-09-2021;25;34,4;28;82;0,8;5;3;170;2;S 
29-09-2021;25;32,4;28,2;84;8888;5,3;6;130;2;S 
30-09-2021;25,1;32,6;28;84;4,7;2,5;3;340;2;S 
01-10-2021;24,4;33,2;28;83;6,8;2,6;3;130;1;SW
02-10-2021;24,4;33,6;28,3;80;25,7;4,8;4;270;2;NW
03-10-2021;21,9;31,9;28,1;82;0;6;4;150;2;W 
04-10-2021;24,3;27,6;25,3;88;3,3;0,8;3;220;2;SW
05-10-2021;24;34,6;28,3;78;0,3;0;4;180;2;S 
06-10-2021;22,2;33,7;29,2;78;0;7,9;4;240;3;S 
07-10-2021;22,7;33;28,4;76;1,4;5,5;4;200;2;S 
08-10-2021;25,4;34,2;29,4;78;-;5,7;4;200;3;SW
09-10-2021;25,4;34,5;29,6;75;0;7,5;5;150;2;S 
10-10-2021;-;34,4;26;92;-;7,1;5;320;2;SW
11-10-2021;24;34,2;28,4;79;17,2;0;5;105;3;W 
12-10-2021;-;33,2;29,9;70;8888;3,8;4;190;3;S 
13-10-2021;24,6;34,6;29,7;76;0;3,6;3;260;2;S 
14-10-2021;23,4;34,5;29,1;83;0,5;4,3;4;150;2;SE
15-10-2021;26,9;32,6;27,8;87;8888;2,9;4;220;2;C 
16-10-2021;24,5;33,8;28,5;80;73,4;3,1;4;170;2;SE
17-10-2021;25;32,7;27,9;87;4,2;6,6;3;110;2;E 
18-10-2021;21,5;33,2;28,2;84;42,3;3,7;3;330;2;N 
19-10-2021;24,4;33,8;29;80;33,5;5;4;120;2;SE
20-10-2021;24,7;32,6;29,1;76;13,5;6,2;4;290;2;NW
21-10-2021;26;30,9;27,9;85;0;4,8;3;290;2;S 
22-10-2021;23,4;31,4;27,6;82;3,7;0;3;330;2;NW
23-10-2021;24,8;34,6;28,8;79;2,6;1,5;3;270;2;W 
24-10-2021;-;34,2;28,4;82;8888;3,2;4;290;2;C 
25-10-2021;26;32,3;28,2;83;8888;5,9;4;190;2;S 
26-10-2021;24,2;32,4;27,6;86;1;5,8;4;310;2;E 
27-10-2021;25,1;33,8;28,7;80;0,1;2,1;4;90;2;NE
28-10-2021;25,2;32,2;28,2;83;2,5;6,7;4;90;2;E 
29-10-2021;26;32,2;27,6;88;2,6;3;5;70;2;W 
30-10-2021;23,2;31;26,6;86;31;2,2;3;270;2;W 
31-10-2021;24,4;33,4;28,6;79;7,5;2,4;6;70;3;E 
01-11-2021;-;34;29,5;76;-;7,4;4;350;2;C 
02-11-2021;24,8;32,2;27,8;80;10,5;5;3;220;2;SW
03-11-2021;24,8;33,2;27,9;82;3,5;3,6;4;10;2;N 
04-11-2021;25;33,8;28,3;82;8888;3,7;2;330;1;E 
05-11-2021;24,6;30,8;26,9;86;18,2;4,6;2;270;1;W 
06-11-2021;25;31,8;27,8;88;4,5;3;4;50;2;E 
07-11-2021;25;32,8;27,7;86;2,8;3,2;5;90;2;C 
08-11-2021;23,3;30,1;26,9;86;26,1;5,4;3;330;2;NW
09-11-2021;24,6;33,8;28,2;80;8;2;4;70;2;N 
10-11-2021;25,4;33,9;28,7;81;7,5;5,8;3;180;2;N 
11-11-2021;26;33,2;29,1;79;2,1;3;5;280;2;NW
12-11-2021;25;32,2;27,4;86;8888;5,5;5;110;3;NW
13-11-2021;24,4;28,4;26,2;90;28,8;3,5;3;320;2;NW
14-11-2021;24,2;32,4;27,6;80;3;0;3;40;2;NW
15-11-2021;-;29,4;27,3;86;5,6;5;5;310;2;N 
16-11-2021;24;29,4;26,2;89;5,3;0,8;2;30;1;NE
17-11-2021;24,6;31,4;27,6;84;15,5;0;3;170;2;S 
18-11-2021;25;33,4;27,2;86;-;1,8;3;180;1;SE
19-11-2021;25;26,8;25,4;94;34;4,2;5;270;1;C 
20-11-2021;23,6;31,8;27,1;84;32,2;0;4;350;2;N 
21-11-2021;24;34,8;28,6;80;0;1,1;4;330;2;SE
22-11-2021;25,4;33,4;28,6;84;24,3;6,3;4;110;2;E 
23-11-2021;-;33,8;29,2;79;3,7;5,6;3;330;2;NE
24-11-2021;26,2;30,9;27,4;87;8888;4,1;3;290;1;C 
25-11-2021;24,8;31,4;27,5;84;14,4;1;2;190;1;C 
26-11-2021;25,2;32,4;29;80;8888;1,4;2;300;1;C 
27-11-2021;23,8;34;28,2;80;20;2,7;4;280;2;NW
28-11-2021;24,8;31;26,8;85;9,3;7,3;3;300;1;W 
29-11-2021;24;29,8;26,2;83;4,5;2,4;3;90;1;NW
30-11-2021;24,4;31,8;27,8;82;8888;0,2;3;80;2;N 
01-12-2021;26;34,5;31,5;65;8888;0,4;4;20;2;NW
02-12-2021;25;34,8;30,8;70;-;5,3;4;250;2;W 
03-12-2021;25;33,8;30;74;4,2;6,1;3;230;2;W 
04-12-2021;24,2;31,6;28,8;78;1;2;3;160;2;N 
05-12-2021;25;33,9;29,9;72;0;0,3;3;280;2;W 
06-12-2021;25,2;30,2;28,6;77;-;4,2;5;270;3;W 
07-12-2021;25;33,8;29,8;71;8888;0;5;200;2;SW
08-12-2021;23,6;27,9;25,8;85;4;4,5;5;250;2;W 
09-12-2021;22,1;32,9;29,7;73;4;0;4;240;2;E 
10-12-2021;25,8;32,6;29,3;76;-;3,8;4;280;2;W 
11-12-2021;25,2;33,4;28,4;80;7,3;2,4;5;230;2;W 
12-12-2021;24,2;32,3;28,1;81;13,8;4,4;5;230;2;E 
13-12-2021;21,6;32,7;28,6;78;5,8;3,4;4;240;1;C 
14-12-2021;24,8;30,6;28,6;78;5,5;2,1;4;300;2;NW
15-12-2021;25;31,8;29,2;76;0;0,7;5;260;2;N 
16-12-2021;24,4;30,4;27,7;84;18;1;3;240;2;W 
17-12-2021;22,2;34,4;29,5;79;0,6;0;5;230;2;W 
18-12-2021;25,6;31,6;28,7;80;13,1;4,2;3;270;2;SW
19-12-2021;25;31;28;82;2,7;0,6;2;340;1;NW
20-12-2021;24,6;32;28,4;82;3,5;1,4;4;360;2;N 
21-12-2021;24,4;30,2;28,5;81;2;1,2;2;280;1;E 
22-12-2021;24,8;32,6;28,9;78;0;0;4;110;2;E 
23-12-2021;22,6;29,2;26,3;82;42;2;3;340;1;N 
24-12-2021;23,6;29,4;26,5;85;8888;0,7;2;320;1;N 
25-12-2021;21,2;31,8;27,9;80;5,3;0;4;100;2;E 
26-12-2021;24;33;29,2;76;2;3,6;4;300;2;NW
27-12-2021;23,8;33;28,3;78;49,2;5,1;5;230;2;NW
28-12-2021;24,2;33,4;29,8;73;25;3,2;3;140;2;N 
29-12-2021;21,2;31,8;29,1;77;2,3;5,1;3;110;2;N 
30-12-2021;24;32,5;29,3;72;-;0,8;3;10;2;NE
31-12-2021;24;33,8;30,5;69;0;2,5;4;50;3;NE
01-01-2022;26;33,6;29;74;0;-;4;100;3;NE
02-01-2022;23,6;33,6;28,5;76;0;6,2;4;100;2;E 
03-01-2022;25,1;30,4;27,2;86;3,9;6,9;4;80;2;E 
04-01-2022;24,6;31;27,1;86;0,2;0,1;4;110;2;NE
05-01-2022;24,2;34,1;28,2;78;1,5;0,2;5;80;2;E 
06-01-2022;22;34,1;27,5;81;17,3;6,1;3;360;2;NE
07-01-2022;24,5;31,2;26,8;86;-;2,6;3;40;2;N 
08-01-2022;23;31,8;26,5;82;10;2,1;3;270;2;W 
09-01-2022;23,8;33,7;28,2;80;-;0,7;5;90;2;E 
10-01-2022;21,1;33,7;27;82;2,5;6;4;310;2;N 
11-01-2022;24,4;33,1;28,3;76;0;2,4;5;90;3;E 
12-01-2022;24,4;31,2;27,4;81;10,5;5,1;3;320;2;N 
13-01-2022;25;32,4;27,9;76;0;2,8;3;140;2;E 
14-01-2022;23,4;32,3;27,5;78;13,2;3,1;3;340;2;N 
15-01-2022;23,8;32,6;27,3;83;8888;4,1;5;30;2;N 
16-01-2022;24,6;28,4;26,1;87;3;2,1;3;350;2;E 
17-01-2022;24;33,4;27,8;78;8888;0;4;110;2;N 
18-01-2022;24,4;32,8;28,2;78;0;7,4;5;20;3;E 
19-01-2022;24,5;28,6;26,3;88;2,6;5,3;2;280;1;W 
20-01-2022;24,4;33,2;27,3;83;7,8;0;3;230;2;SW
21-01-2022;24;30;27;85;16,3;4,3;3;240;2;SW
22-01-2022;23,9;33,7;27,8;84;8888;0;4;330;2;W 
23-01-2022;25;30,2;27,1;84;0,7;6,9;5;310;2;NW
24-01-2022;25,2;33,6;27,7;84;0;0,1;3;100;2;NW
25-01-2022;25,2;30;26,8;90;6,5;5,4;2;10;1;E 
26-01-2022;24,1;33,6;27,7;84;-;0;4;290;2;C 
27-01-2022;25,1;31,4;26,9;88;2,3;4,8;3;320;2;NW
28-01-2022;24,4;29;26,3;88;2,5;1,1;3;310;1;N 
29-01-2022;24;32,1;26,9;85;2;0;2;330;2;N 
30-01-2022;23,6;33,5;27,4;84;1,1;3,7;3;250;1;E 
31-01-2022;24,3;34;27,4;81;2,1;4,6;6;120;2;N 
01-02-2022;24,3;31;27,8;82;2;4,1;3;10;1;N 
02-02-2022;24,4;34;28;78;0;0,6;4;70;3;NE
03-02-2022;-;33,6;28,2;76;0;5,3;4;100;2;E 
04-02-2022;24,8;34,8;29,2;74;-;6,2;5;10;3;E 
05-02-2022;25,4;33,8;29,1;75;0;6;4;80;3;NE
06-02-2022;25,2;32,4;28,1;81;2;6,6;4;60;2;NE
07-02-2022;24,2;32,3;30;69;0;2,3;6;70;3;N 
08-02-2022;-;32,4;27,1;82;0,2;3,3;4;20;2;NE
09-02-2022;25;29,2;26,5;87;9,5;3,4;3;50;2;NE
10-02-2022;25,4;32;27,3;86;2;0,1;2;10;1;E 
11-02-2022;25;29,2;26,6;87;0,5;1,5;2;50;1;NE
12-02-2022;25;30;26,8;84;1;0,8;4;270;2;W 
13-02-2022;24,2;32,8;27,3;82;2,1;0;5;80;2;E 
14-02-2022;24,6;33,2;28;80;1,3;2,2;5;110;2;E 
15-02-2022;-;33;27,8;83;8888;4,9;4;210;2;C 
16-02-2022;24,1;31,4;27,1;83;16,9;1,6;5;60;3;E 
17-02-2022;24;33,4;27,4;84;0;2,1;5;10;2;NE
18-02-2022;24,8;31;26,9;86;6;5,8;3;60;1;NW
19-02-2022;24;32,7;27,6;84;4,7;0,2;3;280;2;W 
20-02-2022;24,6;28,2;26,4;85;7,6;2,5;4;270;2;W 
21-02-2022;24,4;30,6;27;86;8888;0;3;80;2;N 
22-02-2022;24;33;27;83;0;0,3;4;80;2;NE
23-02-2022;23,4;33,1;26,9;80;7;5,5;5;80;2;E 
24-02-2022;24;31,3;26,3;86;11,7;5;4;100;2;E 
25-02-2022;22,8;33,1;27,1;76;26;1,1;4;70;2;NE
26-02-2022;23,2;34;28,1;76;0;2,9;5;100;3;NE
27-02-2022;-;34,6;28,4;72;0,2;5,8;5;320;3;NW
28-02-2022;23,4;30;26;85;8,4;5,9;3;300;2;NE
01-03-2022;23,4;33,4;27,5;80;12,9;0;4;40;2;NE
02-03-2022;25,8;35;29,2;78;0;6,1;4;360;3;NW
03-03-2022;22,8;29,4;26;86;8,5;7,6;3;340;1;C 
04-03-2022;24,4;33;28;81;0,5;0,3;4;100;2;E 
05-03-2022;24,6;28,6;25,5;92;21;5,8;3;300;2;NW
06-03-2022;23,2;34,4;27,3;82;11;0;5;230;3;W 
07-03-2022;23,3;26,9;25,5;90;1,4;4,7;5;330;2;W 
08-03-2022;23,7;34;28,1;76;4,7;0;5;270;3;W 
09-03-2022;24,4;30;27;88;1;8;3;50;1;W 
10-03-2022;24,2;35;28,1;81;8888;0;4;150;2;N 
11-03-2022;23,2;32,1;26,9;84;17,3;7,7;3;360;1;NW
12-03-2022;23,2;32,3;28,3;82;3,2;2,2;5;320;3;N 
13-03-2022;24,2;31,6;25,8;90;8,5;2,9;2;120;1;NW
14-03-2022;24,2;33;27,8;82;9,5;0;4;140;2;SE
15-03-2022;23;32,9;28,1;84;0;5,4;4;100;1;E 
16-03-2022;25;33,6;27,6;81;1,6;2,9;5;270;2;NW
17-03-2022;25;33,4;27,7;86;20,5;4,5;3;130;1;S 
18-03-2022;25;34;27,4;85;19,3;4,2;3;340;2;N 
19-03-2022;24;32,9;27,6;82;15,9;5;4;260;2;NW
20-03-2022;-;28,5;25,3;92;5,6;3,9;3;320;1;NW
21-03-2022;24,4;33,8;28,4;82;21,9;0;3;340;2;N 
22-03-2022;23,8;29,4;26,1;87;61;5,8;4;290;2;W 
23-03-2022;22,4;31,9;27,7;83;5,1;0;4;70;2;E 
24-03-2022;25;34,1;28,6;78;8888;0,2;4;80;2;E 
25-03-2022;24,4;34;26,8;82;0;5,1;6;250;2;NE
26-03-2022;23,8;33,8;28,1;80;32,9;4,4;5;260;2;E 
27-03-2022;23,2;30,2;27,4;82;0;5,8;4;240;2;NW
28-03-2022;25,2;32,5;28;80;0;1,4;5;200;2;S 
29-03-2022;25;32,4;26,3;87;7,7;4,6;5;170;1;E 
30-03-2022;24,6;32,4;27;87;0;3,8;4;140;1;NW
31-03-2022;23,6;35,1;27,9;81;2,5;3,1;5;190;2;NW
01-04-2022;24,7;34,8;28,1;80;-;6,6;7;300;2;NW
02-04-2022;24,6;33,6;27,3;85;8888;6,9;4;130;2;SW
03-04-2022;24,8;30,2;27,2;78;26;4,6;5;280;2;W 
04-04-2022;24,2;33,6;27,3;83;0;1,8;3;260;2;S 
05-04-2022;24,2;30;27,1;82;15;5,2;5;280;3;W 
06-04-2022;24,8;32,2;27,6;84;3,5;0,4;6;240;2;C 
07-04-2022;23,8;33,2;27,5;80;23,8;1,7;4;270;2;W 
08-04-2022;23,2;33,7;28;76;1,5;5,2;6;290;4;W 
09-04-2022;24,7;35;28,5;74;0,1;3,9;5;270;3;W 
10-04-2022;25,4;32;28,4;81;11,3;7,3;5;260;2;W 
11-04-2022;25,2;33;27,6;84;8,9;1,2;4;270;2;W 
12-04-2022;23,6;35,2;29;79;8888;3,1;5;180;2;SW
13-04-2022;25,4;33;28,3;77;8888;7,2;4;300;2;W 
14-04-2022;25,4;33,4;28,1;84;0,5;2,4;3;150;1;C 
15-04-2022;25,4;35;28,2;82;8888;2,5;6;270;2;E 
16-04-2022;24,5;29;25,5;90;6,6;5,8;6;290;2;N 
17-04-2022;24,3;34;27,7;83;30,8;0;4;110;2;E 
18-04-2022;25;34,2;29,1;79;-;5,1;4;80;3;E 
19-04-2022;26,4;35;28,7;81;8888;8;5;240;2;NE
20-04-2022;-;34;28,8;80;14,8;5,4;3;130;2;N 
21-04-2022;26;32,4;27,8;84;-;4;4;70;2;W 
22-04-2022;25,2;28,6;26,2;94;8,3;2,8;4;290;2;C 
23-04-2022;23,4;33,8;27,5;83;23,5;0,1;4;100;2;E 
24-04-2022;22,8;33,4;28,1;82;0;5,8;3;90;2;C 
25-04-2022;-;-;-;94;-;4,5;4;300;2;N 
26-04-2022;24,2;34,6;28,2;82;41,5;0;4;150;2;NW
27-04-2022;24,8;30,6;27,2;84;22;7,3;4;290;2;W 
28-04-2022;23,6;34,3;28,3;83;0;0;5;150;2;SE
29-04-2022;25,2;33;28,7;79;36,8;5,4;3;140;2;SE
30-04-2022;25,2;32;28,4;85;0;5,9;5;90;2;E 
01-05-2022;-;33,7;29;80;1,7;2;5;90;2;E 
02-05-2022;22,8;33,6;28,2;80;7;6,8;4;90;2;E 
03-05-2022;26;34;29,4;80;2;4,5;4;100;2;E 
04-05-2022;24,6;33,4;28;83;13;6,8;3;250;2;W 
05-05-2022;25,4;34;28,8;80;0;5;4;150;2;NW
06-05-2022;24,8;33,6;28,9;81;0;3,8;4;140;2;S 
07-05-2022;-;33,8;29,2;81;8888;4,1;3;80;2;N 
08-05-2022;26,4;30,4;27,9;88;0;5,5;2;110;1;E 
09-05-2022;-;33,1;27,6;86;1,5;0,2;3;280;2;N 
10-05-2022;24,1;31,8;27,3;85;15,6;2;3;60;2;NE
11-05-2022;25;33,4;29;82;8888;1,4;4;100;2;E 
12-05-2022;25,8;29,4;26,5;93;-;3,8;5;290;1;C 
13-05-2022;24,8;34,4;27,5;87;14,5;0;4;300;2;W 
14-05-2022;23,8;29;26,3;87;3,5;5,8;4;280;2;W 
15-05-2022;24,4;33,9;28,5;83;-;0;4;100;2;N 
16-05-2022;25,6;33,4;28,1;87;-;3,3;3;110;2;E 
17-05-2022;24,4;31,8;27,6;85;51;3,9;3;290;2;SE
18-05-2022;24;-;27,7;84;5;2,7;4;100;2;E 
19-05-2022;25,4;34,6;28,7;79;-;3;4;110;2;E 
20-05-2022;26;31,2;26,4;93;0,4;7,4;4;260;1;C 
21-05-2022;25;33,2;27,8;87;28,5;1,1;4;260;2;W 
22-05-2022;25;32,8;28,1;82;19,8;4,6;3;300;2;E 
23-05-2022;25,4;32,1;28,3;83;-;3,4;5;120;2;NE
24-05-2022;25,8;34;28,6;79;-;1,4;5;100;3;E 
25-05-2022;26;33,7;29,5;77;0;8;5;90;2;E 
26-05-2022;23,8;30,9;27,3;84;13,5;5,1;4;300;2;W 
27-05-2022;25,4;30;27,4;84;3,5;3;3;180;2;S 
28-05-2022;25,6;33,4;28,4;80;0,5;0;4;140;2;SE
29-05-2022;25,8;31,6;27,9;82;0;2;4;120;2;SE
30-05-2022;23;-;-;-;8888;1,7;4;30;2;NE
31-05-2022;24,8;33,6;28,3;78;-;5,9;5;90;2;E 
01-06-2022;25,1;33,2;27,1;85;0;5,1;5;70;2;C 
02-06-2022;24,2;32,8;27,5;86;5,2;3,9;4;180;2;NE
03-06-2022;22,8;35;27,7;84;-;3;3;160;1;N 
04-06-2022;24,7;30,4;26,7;88;16,5;4,6;3;330;2;NW
05-06-2022;24,6;34,1;28,4;80;1;0,8;3;130;2;NW
06-06-2022;25;33,2;27,2;85;0;7,7;3;250;1;SE
07-06-2022;24,8;32,8;27,4;82;6;2,9;4;190;2;SW
08-06-2022;24,2;-;28,5;78;-;3,5;3;10;2;E 
09-06-2022;25,4;31,8;26,9;88;8888;6,6;4;110;2;NE
10-06-2022;-;34;28,1;82;1;2,6;3;290;2;N 
11-06-2022;25,2;33,2;27,2;89;8888;3,5;6;100;2;N 
12-06-2022;25;31,4;26,4;90;12,2;2,9;4;50;2;W 
13-06-2022;-;33;27,8;84;14,3;1,7;3;320;1;C 
14-06-2022;24,6;31,6;27,9;84;0,1;3,7;2;260;1;SW
15-06-2022;25;30,5;27,4;87;2;3,1;2;130;1;NE
16-06-2022;25,2;-;28;84;5;3;3;30;2;E 
17-06-2022;25;29,8;26,7;87;17,2;5,8;3;360;1;N 
18-06-2022;24,8;32,4;27,7;82;2,5;2,4;3;250;2;W 
19-06-2022;22,9;32;26,8;85;0,5;2,8;4;230;2;E 
20-06-2022;24;31,6;27;84;14;3,1;3;220;1;SW
21-06-2022;24,5;32,8;27,7;83;1,3;3,5;4;180;2;W 
22-06-2022;24,8;31,4;27,6;84;8888;3,8;3;30;2;NW
23-06-2022;24;32,4;27,2;84;8,5;1,6;3;310;2;N 
24-06-2022;24,7;30,4;26,9;89;13;2,2;3;140;2;S 
25-06-2022;25,1;32,6;26,9;87;0,2;0,9;3;300;1;NW
26-06-2022;24;32,8;27;84;38,2;0,6;3;140;1;C 
27-06-2022;23,4;33;28,3;78;0,5;5,2;4;190;2;S 
28-06-2022;25;33,4;28,5;78;0;3,9;4;250;2;SW
29-06-2022;25,6;33,5;28,5;80;0;0,3;4;200;2;S 
30-06-2022;23,2;31;27,3;80;8888;4,1;5;250;3;SW
01-07-2022;24,6;33,2;28,3;79;0;0,6;3;290;2;W 
02-07-2022;24,6;33,3;28,5;83;48;4,9;5;80;3;E 
03-07-2022;26,1;34,4;29,3;80;0;2,5;5;110;2;E 
04-07-2022;24,6;31,4;27,4;85;19,5;3,9;3;300;2;W 
05-07-2022;25,3;32,2;28,4;82;8888;1,4;3;230;2;E 
06-07-2022;-;33,8;28,1;81;-;0;3;210;2;SW
07-07-2022;25,7;31,6;28;80;0;2,2;3;270;2;S 
08-07-2022;-;33,2;28;84;-;1;4;140;2;S 
09-07-2022;24,6;29,2;26,2;86;1,5;4,5;4;240;2;SW
10-07-2022;24,4;31,6;26,8;86;12,5;0;5;320;2;S 
11-07-2022;24,1;31,4;27,3;82;8,1;2,5;3;150;2;SW
12-07-2022;-;33,4;28,5;81;1,5;1,3;3;140;2;SW
13-07-2022;25,8;31,6;28,1;82;8888;2,8;3;300;2;NW
14-07-2022;23,2;29;25,3;88;40,2;2,1;3;240;2;W 
15-07-2022;23,2;31,8;27,5;81;10,7;0,8;4;140;2;SE
16-07-2022;-;31,8;28;84;-;2,7;4;120;2;S 
17-07-2022;23,8;29,1;24,6;91;61,8;1,8;4;300;1;W 
18-07-2022;23,6;28,9;26;90;11,5;0;3;90;1;C 
19-07-2022;24,3;32,2;27,8;83;8888;0;5;80;2;E 
20-07-2022;-;33;27,9;82;-;2,2;4;140;1;SE
21-07-2022;25;33,9;28,7;79;8888;4,5;5;90;2;E 
22-07-2022;25;32;26,9;86;-;7,5;3;190;2;NW
23-07-2022;24,6;33,4;28,3;78;4,3;2,6;3;200;2;S 
24-07-2022;25,4;32,4;28;81;-;4,2;5;210;3;S 
25-07-2022;25,2;30,5;26,5;87;0;4,6;5;230;2;SW
26-07-2022;24,2;32,4;27,6;84;12,6;2,1;3;200;2;S 
27-07-2022;25,4;32,2;26,5;92;8888;4,4;3;230;2;W 
28-07-2022;25;30,4;27;89;8,7;4;3;290;1;W 
29-07-2022;23,8;32,5;27,2;86;2;0,4;4;165;2;C 
30-07-2022;24,4;32,1;27,1;87;35,5;3,4;3;270;1;W 
31-07-2022;24,6;27,8;25,3;91;30,7;2,7;3;290;2;W 
01-08-2022;23,6;29,4;26,2;92;6,5;0,2;2;340;0;C 
02-08-2022;23,6;31,2;27,5;84;0;0,4;5;100;2;E 
03-08-2022;25,2;30,5;27;88;8888;3,2;3;70;1;N 
04-08-2022;-;31,4;26,8;89;0,5;1,5;4;260;2;W 
05-08-2022;-;32;27,4;84;25;4,1;5;250;2;W 
06-08-2022;25;-;26,5;86;8888;3,1;4;250;2;W 
07-08-2022;24,7;32,1;27,8;80;8888;0;4;280;2;W 
08-08-2022;24,7;32;27,8;81;0;2;3;230;2;S 
09-08-2022;25,2;33,7;27,9;83;8888;3,2;3;260;2;S 
10-08-2022;25,3;29,2;26,4;90;8888;3,2;3;350;1;N 
11-08-2022;-;34;28,2;82;7;0,9;5;160;2;SE
12-08-2022;25;34,2;29,5;76;0;5,8;4;90;2;E 
13-08-2022;25,6;34,2;27,9;83;7,2;6,4;4;80;2;C 
14-08-2022;24,9;27,6;25,8;91;7;4,4;4;190;2;W 
15-08-2022;24,3;33;27,5;84;2;0;4;160;2;W 
16-08-2022;25;30,4;26,9;87;0,3;5,5;3;280;2;W 
17-08-2022;24,2;33,8;27,5;85;3,5;1,1;3;140;2;S 
18-08-2022;23,2;32,2;27,2;80;30;3,6;4;130;2;S 
19-08-2022;23,8;33,7;28,1;78;0;5,4;4;150;2;S 
20-08-2022;25;32,8;27,4;85;-;6,3;4;200;2;C 
21-08-2022;24,8;33,6;27,8;82;2,6;3,7;5;260;2;W 
22-08-2022;23,2;33;27,5;82;0;5,6;4;230;3;SW
23-08-2022;25;31,7;27,5;82;8888;5,6;5;230;2;SW
24-08-2022;25,6;32,6;28,2;80;-;3,4;4;280;3;S 
25-08-2022;25,4;32,5;27,5;83;0;3,8;4;70;2;NW
26-08-2022;23,8;31,7;28,1;81;1;3,5;4;80;2;E 
27-08-2022;25,4;30,9;27,3;85;1;3,3;2;360;1;S 
28-08-2022;25;31,6;27,8;82;7,4;2,7;3;250;1;SW
29-08-2022;25,2;31,9;27,5;84;3;2,4;3;280;1;W 
30-08-2022;22,6;32;27,2;85;1,8;3,6;3;330;1;C 
31-08-2022;24,2;31,4;27,2;84;36;2,8;4;330;2;N 
01-09-2022;24,8;33,8;28,8;76;0,5;1,9;4;210;2;S 
02-09-2022;25,6;32,8;27,3;87;-;7,3;5;240;2;S 
03-09-2022;24,9;32,4;27,3;86;11,6;2,8;6;190;2;S 
04-09-2022;-;32,2;27,5;86;18;3,5;3;180;2;S 
05-09-2022;24,4;30;26,1;87;13,6;3,7;5;300;2;W 
06-09-2022;24;33,5;27,5;80;6,6;0;5;80;2;E 
07-09-2022;24,9;31,2;27,6;83;0;5,4;4;100;2;NE
08-09-2022;-;32,8;27;86;-;0,9;4;340;2;W 
09-09-2022;23,6;32,6;26,2;87;82;2,6;4;310;2;NW
10-09-2022;24,2;31,4;27,3;82;4,3;5,9;3;250;2;SW
11-09-2022;24,6;29;25,9;90;0,7;4;4;180;1;S 
12-09-2022;-;33,4;27,1;84;8;0;4;140;2;NW
13-09-2022;24,4;32;27,6;86;-;5,1;3;80;2;W 
14-09-2022;23,5;31,2;27;82;102,5;3,8;3;330;1;NW
15-09-2022;24,4;33,2;27,1;84;0;1,5;5;290;2;SW
16-09-2022;24;31,8;27,3;84;0,8;3,9;3;140;2;NW
17-09-2022;24,6;33,2;27,9;80;-;1,4;3;190;2;S 
18-09-2022;25,4;34,8;27,8;84;0;5,5;5;250;1;W 
19-09-2022;23,4;32;27,7;86;28,5;3,3;3;190;2;S 
20-09-2022;24,8;-;27,5;82;8888;1,1;4;270;2;W 
21-09-2022;25;32,2;27,9;82;3;2,8;3;320;2;N 
22-09-2022;24,8;33,8;26,6;86;1,5;4,4;6;170;2;W 
23-09-2022;23,2;-;28,1;81;101,3;4,5;3;130;2;NW
24-09-2022;24,5;29,2;25,5;92;-;4,4;5;290;2;SW
25-09-2022;23,8;33,6;27,6;81;19,1;0;3;180;2;S 
26-09-2022;24,2;32,7;28;84;0;6,9;5;220;2;SW
27-09-2022;23,4;34,4;28,6;78;0;3,7;5;190;3;S 
28-09-2022;25,1;33,4;28,4;81;-;6,8;4;90;2;S 
29-09-2022;25;30;26;90;11,5;3,9;3;300;1;C 
30-09-2022;24,8;33,7;28;78;52,4;1,4;5;90;2;E 
01-10-2022;23,9;33,6;28,6;79;0,5;5,4;6;80;3;E 
02-10-2022;25,4;32,3;27,8;82;0;4,7;4;160;2;SE
03-10-2022;26,2;30,6;27,9;82;1,7;1,6;3;260;2;SW
04-10-2022;24,6;32,6;26,7;86;27,3;0,6;4;150;2;S 
05-10-2022;24;32;27,8;82;6,7;5,4;4;200;2;N 
06-10-2022;24,8;28,7;25,7;92;19,5;1,5;2;290;1;C 
07-10-2022;23,7;33,1;27,2;82;7,1;0;4;190;2;SW
08-10-2022;24,2;33,4;28,4;80;1,2;3,5;3;260;2;W 
09-10-2022;23,5;29,2;26,5;89;14,4;3,7;5;300;2;W 
10-10-2022;25,1;32,5;27,6;82;17,8;0,8;4;250;2;SW
11-10-2022;24,4;32,6;26,3;86;2,5;3,5;4;280;2;W 
12-10-2022;-;33;27;82;21,5;3,5;3;240;2;SW
13-10-2022;23,4;32;27,9;82;6;4,8;5;270;2;W 
14-10-2022;-;34,3;28,4;76;14,5;3,6;3;230;2;W 
15-10-2022;25,2;32,4;28,1;82;4;7,3;4;300;2;W 
16-10-2022;25,6;34,2;28,7;78;8888;4,3;4;300;2;SW
17-10-2022;26,2;33;28,3;82;0;6,9;4;130;2;W 
18-10-2022;24,6;30,8;26,9;87;72,4;4,1;3;290;1;W 
19-10-2022;24,2;31;26,6;86;10,8;0;3;90;1;E 
20-10-2022;24,6;33,4;28,5;83;1,5;0,6;3;90;1;E 
21-10-2022;25,8;32,6;28,8;81;8888;3,5;4;50;2;NE
22-10-2022;25,6;31,2;27,4;88;8;4,7;4;230;2;SW
23-10-2022;24,8;34,4;28;82;5;1;3;290;2;W 
24-10-2022;25,2;33,7;27,2;84;2,7;7,3;4;280;3;W 
25-10-2022;24,8;33,2;28,2;81;18;3,6;3;300;2;NW
26-10-2022;25,1;32,2;27,8;80;15,1;5,2;4;280;2;NW
27-10-2022;25;32,4;27,7;80;0,1;1,6;3;260;2;SW
28-10-2022;24,4;33,4;27,3;83;3,5;2,8;4;250;2;W 
29-10-2022;24,6;33,6;28,2;79;2;3,5;4;250;2;SW
30-10-2022;25,5;34,6;29,1;78;-;4,3;4;200;3;SW
31-10-2022;26,2;34;29,4;77;8888;6,1;4;180;3;S 
01-11-2022;26,4;34,6;28,9;80;0;7,6;4;210;2;NW
02-11-2022;23,6;34,4;27,5;85;21,5;6,8;5;30;2;SW
03-11-2022;24,6;31,8;27,5;84;23,7;4,9;2;100;1;E 
04-11-2022;25,8;32,8;28,1;81;0,5;0,9;3;130;2;E 
05-11-2022;25,4;33;27,9;82;8888;3,5;3;200;2;NW
06-11-2022;23,8;33,4;27,9;82;3;3,7;5;240;2;N 
07-11-2022;24,6;30,8;27,3;80;4,6;4,1;4;280;2;W 
08-11-2022;25,4;33;28,5;78;-;0,5;4;290;2;S 
09-11-2022;25,4;33,8;28,3;78;0;3,7;3;270;2;SW
10-11-2022;24,2;33,2;26,3;90;0;4,6;3;30;2;W 
11-11-2022;24,4;33,4;27,6;87;24;2,7;5;110;2;NW
12-11-2022;25,2;33,4;28,5;81;4,5;5,5;5;310;2;NE
13-11-2022;25;33;28,2;77;0,9;5,8;4;60;2;NE
14-11-2022;25,2;35,5;29,2;77;0;4,1;5;120;2;NE
16-11-2022;-;32,4;27,4;84;37,6;1,8;4;290;2;W 
17-11-2022;25;34,6;27,7;85;-;1,9;3;240;1;NW
18-11-2022;24,8;28,6;26,4;88;27,4;3,5;3;180;2;S 
19-11-2022;-;30;26;85;6;0;5;210;2;SW
20-11-2022;24,6;31,4;26,8;84;8888;0,2;3;250;1;S 
21-11-2022;25;33,4;27,3;86;2;0,5;5;280;2;S 
22-11-2022;23,4;33;27,3;77;12,8;3,2;3;290;2;W 
23-11-2022;23,2;34,8;28,4;78;8888;4,2;6;160;3;NW
24-11-2022;24;30,2;26,7;81;2,8;7,3;3;330;2;NW
25-11-2022;24;32,8;27,3;87;0,8;0;4;90;2;E 
26-11-2022;24,8;29,6;26,5;84;42,8;3,7;7;300;2;S 
27-11-2022;24,1;32;27,1;83;1,9;0,3;4;320;2;N 
28-11-2022;24,2;34,2;28,4;78;1,5;3,2;4;90;2;E 
29-11-2022;-;29,4;26,8;84;7;7;3;290;2;C 
30-11-2022;24,8;33,4;28,4;76;8888;0,4;3;300;2;NW
01-12-2022;-;32,4;27,3;82;8888;6,9;3;300;2;NW
02-12-2022;24,3;32,2;27,4;80;-;3,8;3;340;2;NW
03-12-2022;25;31,8;27,3;86;0;1,4;4;300;2;NW
04-12-2022;23,4;33,9;28,5;80;8888;1,6;5;300;3;NW
05-12-2022;25;34,2;28,8;80;0;7,3;3;60;2;E 
06-12-2022;25,4;33,4;28,2;82;3,2;4,4;5;60;2;E 
07-12-2022;25,2;30,2;26,4;89;5;5,1;11;80;2;C 
08-12-2022;24;33;27,5;82;11,3;0,3;4;270;2;W 
09-12-2022;24;35,2;28,4;76;0;5;4;200;2;W 
10-12-2022;25,4;34;29,1;76;-;6,3;4;290;2;W 
11-12-2022;25;35;28,2;81;4,5;6,3;6;100;2;SW
12-12-2022;24,4;35,6;28,3;80;26;6,1;4;300;2;W 
13-12-2022;25;27,6;26;90;8888;4,7;4;280;2;N 
14-12-2022;24,9;32;27,5;83;4,7;0;4;300;2;N 
15-12-2022;24,2;34,6;27,9;78;0,5;1,7;4;50;2;N 
16-12-2022;23,5;33;27,6;82;0;6,6;4;280;2;W 
17-12-2022;-;30,6;26,6;88;1,9;2;4;270;2;NE
18-12-2022;24,4;32,4;27,3;84;0,3;0,4;4;300;2;N 
19-12-2022;24,6;35;28,3;80;0,5;2,3;4;280;2;W 
20-12-2022;25,4;33,6;28,3;78;2,6;7;4;180;2;S 
21-12-2022;25,2;33,8;28,9;82;8888;3,8;4;140;2;W 
22-12-2022;24,6;33,4;27,9;80;38,1;3;4;250;2;W 
23-12-2022;24,8;31,4;26,8;86;16,5;2,6;3;280;2;NW
24-12-2022;24;29;26,2;84;12,2;1,2;3;240;2;SW
25-12-2022;24,5;33,2;28,2;77;8888;0;5;290;2;W 
26-12-2022;25,1;32;28,3;78;0,1;2,9;3;280;1;W 
27-12-2022;25,2;35;28,9;76;8888;0,4;3;300;2;NW
28-12-2022;26,2;35;29,6;72;-;4,8;5;150;2;W 
29-12-2022;26;33,1;28,8;80;0;6,9;6;300;2;NW
30-12-2022;25,6;34,4;29,3;74;2,4;3,8;5;270;2;W 
31-12-2022;25;34,8;29,1;70;-;6,7;3;260;2;W 
01-01-2023;25;33,4;29;74;-;7,6;3;60;2;NE
02-01-2023;24,4;34,2;27,8;86;-;0;14;240;4;W 
03-01-2023;22;31;26,5;83;8;4,7;3;320;2;W 
04-01-2023;23,1;32,4;27,6;76;-;8;4;260;2;SW
05-01-2023;22,6;33,2;27,7;80;0;8;6;220;3;S 
06-01-2023;23;32,3;26,7;82;0;5,3;4;260;2;C 
07-01-2023;23,2;31,2;26,5;86;1,6;8,4;4;260;2;W 
08-01-2023;22,3;28,2;23,6;94;15;1,6;4;280;2;W 
09-01-2023;22,5;30,8;25,3;88;0,6;3,2;5;80;2;E 
10-01-2023;22,6;27,6;25;90;1;0;3;250;2;W 
11-01-2023;22,4;32,9;26,7;83;8888;8,9;4;50;2;NE
12-01-2023;22,4;29,5;25,7;90;0,5;5,6;2;330;1;C 
13-01-2023;22;34,6;27,7;84;0;0,8;4;270;2;W 
14-01-2023;21,5;32,5;26,6;86;16,5;8;5;230;2;SW
15-01-2023;22,9;32,8;27,6;84;-;9,7;5;230;2;W 
16-01-2023;23,5;33,4;27,9;82;0;8;4;250;2;E 
17-01-2023;23;33,4;27,2;84;5,5;7,8;4;350;2;NE
18-01-2023;23,6;30,4;26,2;86;8,5;2,2;4;270;2;W 
19-01-2023;22,5;31,5;26,2;88;26,3;6,7;3;230;2;NW
20-01-2023;22,9;29,6;25,1;93;0,7;7,8;4;150;1;SE
21-01-2023;22,1;27,6;24,5;95;1,4;0,2;2;250;1;C 
22-01-2023;21,6;31,8;25,4;90;-;0;6;160;2;W 
23-01-2023;22,6;31,2;26,2;84;1,2;6,6;4;210;2;C 
24-01-2023;22;31;26,1;86;-;9,7;3;220;2;SW
25-01-2023;23,4;31,2;27,1;84;0,4;8,3;4;250;3;W 
26-01-2023;23,8;27,7;24,4;94;8;0,1;4;260;2;SW
27-01-2023;23,4;27,6;25,5;90;18,9;0,8;2;250;1;C 
28-01-2023;22,7;29,4;25,5;90;5;7,8;4;280;1;E 
29-01-2023;23,1;29;25,4;93;7,6;1,2;3;280;1;C 
30-01-2023;22,8;30,7;26,2;87;15,7;6,7;3;160;2;S 
31-01-2023;23;32,6;28;84;2;2,4;4;200;2;SW
01-02-2023;22,4;29,7;26,1;89;10,7;7,5;3;250;2;W 
02-02-2023;23,5;29,4;26,2;84;2,6;7,9;4;240;2;W 
03-02-2023;23,8;30,6;25,9;90;0,4;3,4;3;60;1;E 
04-02-2023;23,8;30,8;26,4;84;7;1,1;7;50;3;NE
05-02-2023;23,8;31,8;27,5;85;-;2,1;4;270;2;NE
06-02-2023;22,5;29,2;26,1;81;1;9;4;240;2;SW
07-02-2023;22,2;30,4;25,9;88;0;10,2;4;310;2;NW
08-02-2023;23,4;32,4;27,2;82;8888;8,6;5;60;2;NE
09-02-2023;23;33;26,8;80;0;5,4;4;20;2;NE
10-02-2023;-;32,7;27;84;0;8,5;5;30;3;E 
11-02-2023;22,7;31,8;26,5;84;-;8,6;4;30;2;NE
12-02-2023;21,9;31,9;26;87;3;9,7;3;110;2;SW
13-02-2023;22,9;28;25,4;92;23,5;8,3;5;250;2;W 
14-02-2023;22,9;32;26,8;83;0;8;5;270;2;W 
15-02-2023;22,1;31,6;26,2;87;12,2;9,4;4;60;2;NE
16-02-2023;22,6;29,6;25,7;88;4,4;4,1;2;260;1;NW
17-02-2023;23,4;31,2;27,2;86;0;8,6;4;170;2;NW
18-02-2023;22,6;32,6;25,9;88;1,6;9,7;6;190;2;N 
19-02-2023;23;31,8;26,8;89;3,1;8,5;3;160;1;C 
20-02-2023;23,2;28;25;93;35;2,6;3;20;2;SW
21-02-2023;22,1;32,3;27,2;80;4,6;6;4;260;2;NW
22-02-2023;23,5;29,9;25,5;92;0;9,7;4;200;2;S 
23-02-2023;22,6;31,6;26,7;87;3;6,9;3;20;2;NE
24-02-2023;22;28,6;24,5;91;11,3;8,8;2;220;1;C 
25-02-2023;22;28,8;25,3;94;5,2;8,1;5;300;2;N 
26-02-2023;23;32,4;26,9;84;2,8;1;6;60;2;NE
27-02-2023;22,8;31,6;26,8;87;21,4;9,4;5;70;2;N 
28-02-2023;22,8;31;26,6;82;0;9,6;6;50;3;NE
01-03-2023;23,2;28,4;25,2;92;47,6;9,3;3;270;1;C 
02-03-2023;23,3;31,6;27;84;8888;0;5;50;2;N 
03-03-2023;24,5;31,9;27;87;0;5,5;4;80;1;C 
04-03-2023;24,1;28,5;26;91;8888;7,9;4;30;1;C 
05-03-2023;24;30;26,4;88;0;8;4;350;1;C 
06-03-2023;24;30,8;26,1;91;4,5;8,7;3;150;1;C 
07-03-2023;23,2;30,4;26,2;91;13;2,7;3;280;1;C 
08-03-2023;22,7;32;26,1;90;5,5;2,7;5;40;2;C 
09-03-2023;23,2;30,6;26,4;88;6,3;-;6;110;1;E 
10-03-2023;-;32,2;27,5;82;12,5;8,6;4;360;2;N 
11-03-2023;23,2;31,2;26,7;86;0,7;7,7;4;70;1;E 
12-03-2023;24,6;29,3;26,4;92;-;3,4;6;230;2;SE
13-03-2023;24,6;27;24,7;96;16,8;0,9;3;320;1;C 
14-03-2023;22,7;30,1;25,9;90;13,5;5,4;5;110;1;C 
15-03-2023;23,3;29,6;25,9;90;32,4;8,9;3;10;1;C 
16-03-2023;-;33;27,1;82;8888;2,6;4;70;1;C 
17-03-2023;23,8;28,4;25,6;90;1;6,6;3;320;1;C 
18-03-2023;22,7;31,4;26,4;86;0;0;5;70;2;C 
19-03-2023;23,3;32,7;27,8;82;0,5;9,3;6;100;2;E 
20-03-2023;23;29,6;25,8;92;5;10;4;150;1;C 
21-03-2023;23;32,4;26,7;87;49,1;1,1;3;330;1;C 
22-03-2023;24;31,2;26,3;90;8888;4,5;5;110;2;E 
23-03-2023;24;29,4;25,9;94;0,8;3,4;4;120;1;C 
24-03-2023;23,8;32,7;27,5;83;-;1,2;4;50;2;NE
25-03-2023;24,2;31,6;27;88;6,3;9,5;3;350;1;NW
26-03-2023;23,4;29,4;26,4;88;3;3,4;3;300;1;C 
27-03-2023;24,3;31,4;26,4;91;-;0,2;5;300;2;W 
28-03-2023;23,5;28,5;25,7;92;7,1;1,5;5;320;1;C 
29-03-2023;23;32,6;26,6;89;8888;0;3;320;1;C 
30-03-2023;23,1;29,4;25,7;92;1,9;2;4;250;1;W 
31-03-2023;23,2;31,4;26,7;86;4,6;1;6;320;2;W 
01-04-2023;23,4;31,7;27;81;1;5,6;4;220;2;S 
02-04-2023;23,6;29,5;26,7;88;0;2,1;3;30;1;C 
03-04-2023;24;29,1;24,7;94;8888;9,4;3;290;1;SW
04-04-2023;23;28,6;25,6;89;3,6;1,2;5;280;2;W 
05-04-2023;23,4;32;26,1;89;8888;0;4;150;1;C 
06-04-2023;22;32,6;25,3;91;3,5;4,2;7;250;2;W 
07-04-2023;22,5;29,3;25,3;90;92,7;4,2;3;260;1;C 
08-04-2023;22,8;32,2;25,5;90;8888;8,3;5;160;2;N 
09-04-2023;22,2;32,4;26,8;84;5,5;2,8;4;270;2;W 
10-04-2023;22,6;31,4;27,5;87;0,8;7,1;3;320;1;W 
11-04-2023;23,6;33,2;26,9;88;8,4;3,3;3;260;1;C 
12-04-2023;23,7;33,8;28,1;84;1,3;7;4;110;1;C 
13-04-2023;24,2;32,8;26,7;86;0;9,3;5;330;2;NW
14-04-2023;23,3;29,8;25,8;94;2,5;5,5;4;220;1;N 
15-04-2023;24;32;27,7;87;8888;1,2;4;250;1;W 
16-04-2023;22,4;33,3;25,4;90;4,5;0;2;260;0;C 
17-04-2023;23,3;34,2;26;87;8888;0,1;8;250;2;N 
18-04-2023;23,4;32,8;26,8;90;15,5;8,3;4;30;1;NE
19-04-2023;23,4;31,6;26,1;93;0;3,6;4;60;1;C 
20-04-2023;24;30,6;26,1;92;46,4;4,7;4;20;1;SW
21-04-2023;24;33;27,9;83;0;0;4;120;1;C 
22-04-2023;24,3;32;27,4;88;-;7;3;40;1;C 
23-04-2023;24,2;33,2;28;84;-;8,2;6;50;1;C 
24-04-2023;23,5;33;27,3;91;0;7,5;3;10;1;C 
25-04-2023;24;30,6;26,2;89;0;2;4;170;2;S 
26-04-2023;22,6;33,7;27,3;82;35,3;2,7;4;50;2;SW
27-04-2023;24,3;33,1;27,1;89;0;9,9;3;340;1;C 
28-04-2023;24;33,2;27,8;84;41,5;7,1;6;50;2;C 
29-04-2023;24,1;32;27,5;88;0;9;3;60;1;C 
30-04-2023;24;28,8;25,6;94;40,8;5,8;3;180;1;C 
01-05-2023;24;33,9;28;84;14;0,4;4;80;2;C 
02-05-2023;24,6;29,8;26,4;94;0;7,6;4;300;1;C 
03-05-2023;23;34,2;27,3;83;4,1;6,5;3;270;1;C 
04-05-2023;23;34;28,6;80;0;8;4;10;1;C 
05-05-2023;24,6;33,2;28,5;84;0;7,6;4;160;1;S 
06-05-2023;23,6;32,8;25,8;96;-;9;4;270;1;C 
07-05-2023;23,4;33;27,7;87;26,5;2,4;4;210;2;S 
08-05-2023;25;32,2;27,8;85;0,5;9;5;330;2;C 
09-05-2023;24,8;32,4;27,6;90;1;8,5;6;310;1;C 
10-05-2023;23,2;32,2;26,8;87;14,5;0,6;2;280;1;E 
11-05-2023;24;33,4;28,1;83;6,5;3,6;5;100;2;E 
12-05-2023;24,2;33,2;28,2;85;1,9;8,3;4;60;1;C 
13-05-2023;24,2;33,4;26,7;90;-;7,8;5;250;1;C 
14-05-2023;23,6;31;27,7;88;2,3;7;6;290;2;C 
15-05-2023;23,8;31,8;27;90;0;3,6;4;170;1;C 
16-05-2023;25;31,3;26,6;92;3,3;3;4;230;1;N 
17-05-2023;22,6;30,4;26;92;14,5;1,2;2;300;1;C 
18-05-2023;23,1;32;26,1;93;1,5;7,8;8;240;2;SW
19-05-2023;22,9;29;25,9;93;23,5;6,3;3;190;1;C 
20-05-2023;23,8;33,4;27,8;83;0;0,2;3;210;2;SE
21-05-2023;23,4;33,4;27,8;84;-;6,2;4;240;2;N 
22-05-2023;23;32,6;27;87;0;6,3;3;200;1;C 
23-05-2023;23,4;32,6;26,3;91;8888;6,9;4;180;2;S 
24-05-2023;22,9;29,7;25,9;93;15,3;6,9;5;220;1;C 
25-05-2023;23,2;32,2;26,3;90;1;2;5;210;1;C 
26-05-2023;23,6;28,5;25,9;92;37;5;2;220;1;W 
27-05-2023;23,1;32;26,3;92;1,1;0;5;170;2;S 
28-05-2023;24;31;27,1;90;7,6;7,5;4;190;1;C 
29-05-2023;23,5;32,6;27,8;88;0;8,7;4;170;1;C 
30-05-2023;24,8;31,8;27,3;89;8888;5,4;3;200;1;C 
31-05-2023;24;33,6;27,7;85;0,5;5,2;5;170;2;S 
01-06-2023;24;32,4;27,2;88;0;6,7;4;190;2;SW
02-06-2023;23,6;33,6;27,6;89;8888;7,9;4;190;2;S 
03-06-2023;23;32,4;28;87;2,7;5,9;3;180;1;C 
04-06-2023;24,2;32,8;27,2;90;8888;5,4;4;230;1;C 
05-06-2023;23,7;29,6;25;96;4,6;3,4;5;290;2;SW
06-06-2023;22,3;33,8;28;83;15,7;1,8;3;280;1;C 
07-06-2023;24;32,2;25,5;92;-;6;3;180;1;S 
08-06-2023;22,3;33,2;26,9;90;38;3,4;5;120;1;S 
09-06-2023;23,4;31,8;26,3;90;5,4;3,7;4;260;2;W 
10-06-2023;23,4;32;25,7;94;5,6;2,2;3;200;1;C 
11-06-2023;22,4;32;27,1;87;23,2;3,3;3;360;1;C 
12-06-2023;23,6;29,8;26,6;92;5,3;9,2;3;240;1;C 
13-06-2023;22,6;30,8;25,8;92;8888;5;2;180;1;C 
14-06-2023;23,2;31,6;26,1;90;3,4;2;5;230;1;C 
15-06-2023;23,4;28,2;25,9;94;24,5;2,1;3;230;1;C 
16-06-2023;24;31,8;26,3;89;8888;0;4;20;1;C 
17-06-2023;23;29,4;25,3;94;3,8;6,6;4;290;1;W 
18-06-2023;23;31,2;26,7;84;13,3;0,7;4;160;1;C 
19-06-2023;24;31,6;26,7;88;0;4,6;4;230;2;W 
20-06-2023;23,2;25,9;23,8;98;8888;3,4;3;210;1;C 
21-06-2023;22,3;31,2;26,3;86;14,5;0;4;200;1;S 
22-06-2023;22,3;32,2;27,6;82;0;9,7;5;210;2;S 
23-06-2023;23,2;32;27,1;84;0;7;4;200;1;C 
24-06-2023;23,2;31,2;27,5;87;-;5,3;5;230;2;C 
25-06-2023;23,6;32,4;27,5;88;1,3;4,1;6;170;1;C 
26-06-2023;23,3;32,5;27,8;86;0;4,9;4;130;1;S 
27-06-2023;24;28,9;26,4;91;8888;5,1;4;230;1;C 
28-06-2023;22,8;31,6;26,6;87;57;2,9;3;210;1;C 
29-06-2023;22,8;32,9;27,3;86;8888;4;3;190;1;N 
30-06-2023;24,4;32,2;27,4;88;11,5;6;4;110;1;C 
01-07-2023;23,2;31;25,8;93;8888;5,4;3;20;1;C 
02-07-2023;23;31,5;26,8;89;2,2;5,3;4;290;1;W 
03-07-2023;24,5;28;25,7;92;8,2;4,9;5;250;2;W 
04-07-2023;23;30,4;26,5;88;1,8;0,2;2;230;1;C 
05-07-2023;23,4;30,8;26;95;0;0,5;3;100;1;W 
06-07-2023;23;31,2;26,1;91;19,3;3,3;2;210;1;C 
07-07-2023;24,4;32,8;28,2;84;2;5,4;4;80;2;E 
08-07-2023;24;31,4;26,6;90;5,8;7,1;3;300;2;W 
09-07-2023;24;32,5;27,4;85;3,4;2,4;4;50;1;C 
10-07-2023;23;32,2;27,1;85;-;6,6;3;270;1;C 
11-07-2023;23,2;31;27,2;86;1;3,4;5;150;2;SW
12-07-2023;23,8;31,6;27,4;84;-;8,8;4;230;2;SW
13-07-2023;23,3;31;26,7;86;0;3,6;6;150;2;SW
14-07-2023;23,9;32,7;27,3;86;-;1,9;4;170;2;SW
15-07-2023;24,2;31,2;27,1;89;0;4;4;230;2;SW
16-07-2023;25;29;26,5;89;-;8,7;5;210;2;SW
17-07-2023;23,5;31,8;27,3;83;0;0,4;5;230;2;SW
18-07-2023;22,3;30,7;26,2;88;-;3,5;3;230;1;S 
19-07-2023;22,4;31,9;27,6;86;0;0;4;160;2;S 
20-07-2023;25;31,4;27,1;88;-;9,3;4;280;2;SW
21-07-2023;23,6;30,6;26,2;90;26,5;0,7;5;190;2;SW
22-07-2023;23,2;31,4;26,8;86;1,6;1,6;5;180;1;S 
23-07-2023;23,9;31,8;26,8;88;-;1,5;6;170;2;SW
24-07-2023;23,4;32,6;27;84;0;3;4;150;2;S 
25-07-2023;24,3;32,2;27,4;83;0;5,9;5;170;2;S 
26-07-2023;22,4;31,2;26,3;86;0;6,2;4;180;2;S 
27-07-2023;22,8;32,2;26,9;82;-;3,6;5;170;2;C 
28-07-2023;21,4;32,6;26,1;80;0;7,4;6;170;2;S 
29-07-2023;-;33;26,8;79;-;7,7;5;190;2;S 
30-07-2023;21,6;33,7;26,8;80;-;9,4;4;180;2;S 
31-07-2023;22,2;33,2;26,8;80;0;8,4;5;3;2;N 
01-08-2023;23;33,4;26,9;85;-;6;5;170;2;S 
02-08-2023;22,9;34,6;27,3;81;-;4,8;5;230;2;SW
03-08-2023;22,8;34,8;27,7;81;0;8,3;4;180;2;S 
04-08-2023;22;34;26,8;84;0;9,3;4;180;2;S 
05-08-2023;24,1;32,9;26,8;89;-;9,3;5;330;1;C 
06-08-2023;22,8;34,2;27;86;16,5;3,8;3;170;2;S 
07-08-2023;24,6;33,3;27,9;83;-;7,3;5;200;2;SW
08-08-2023;23,4;33,6;27,4;80;-;7,1;5;210;2;C 
09-08-2023;23;32,1;27;81;0;3,2;5;170;2;S 
10-08-2023;23,4;32,2;27,3;83;0;6,2;6;170;3;S 
11-08-2023;25;29;26;92;8888;6,2;5;190;1;C 
12-08-2023;24;32,2;27,3;86;0;5,8;4;170;2;S 
13-08-2023;22,2;33,8;26,7;81;8888;6;4;180;1;S 
14-08-2023;22,6;32,8;26,7;83;0;7,7;5;170;2;S 
15-08-2023;23,4;33,2;27,3;83;0;5;5;200;2;S 
16-08-2023;23,8;33,2;27,2;82;-;5,1;5;200;2;S 
17-08-2023;23,8;32,6;27,3;82;-;6,3;7;160;3;S 
18-08-2023;23,6;32;27,2;82;0;7,1;5;180;2;S 
19-08-2023;24,3;33,1;27,8;83;0;4,9;5;160;2;S 
20-08-2023;23,4;33,9;27,4;82;-;9,1;5;180;2;S 
21-08-2023;23,6;33;27;84;0;4,6;3;150;1;SW
22-08-2023;22,5;31,6;26,2;88;2,7;4,3;4;180;2;N 
23-08-2023;23;31,8;26,7;87;1,6;4,2;2;190;1;C 
24-08-2023;22,6;33,3;26,6;87;5,5;2,8;4;160;1;C 
25-08-2023;23,3;31,4;26,7;89;13,4;6,4;4;240;2;SW
26-08-2023;24,4;31,6;27,8;82;5,3;4,7;5;170;2;S 
27-08-2023;23;33,9;27,7;80;-;3,7;5;200;3;SW
28-08-2023;23,6;33,6;26,6;85;0;6;5;150;2;S 
29-08-2023;23,4;34,8;28;78;0;7,4;5;130;2;S 
30-08-2023;22,7;34,1;27,9;80;0;6;5;160;2;SW
31-08-2023;24,6;33,8;28;81;-;7,9;5;160;3;S 
01-09-2023;24,9;32,8;27,9;80;-;7,8;6;150;3;SW
02-09-2023;24;33,8;27,9;78;0;5;6;160;2;S 
03-09-2023;23,6;32,7;27,4;81;0;9,3;6;170;3;S 
04-09-2023;25;33,1;28,1;78;-;5,6;4;160;2;S 
05-09-2023;23,4;33,8;27,4;80;0;9,3;5;130;2;S 
06-09-2023;23;34;26,3;88;0,8;5,7;20;230;2;N 
07-09-2023;22,2;32,6;27,6;82;69,2;3,4;5;230;2;SW
08-09-2023;23,7;33,2;27,3;80;3,3;3,7;6;180;2;S 
09-09-2023;24,2;33,5;27,9;80;0;4,9;4;160;2;S 
10-09-2023;24;33,4;27,6;85;-;4,9;4;40;1;C 
11-09-2023;24,6;31,8;26,9;90;0,6;2,6;4;240;2;W 
12-09-2023;24,8;29,4;26,2;91;7,2;2,7;3;250;1;C 
13-09-2023;23,1;32,2;27,1;84;9;0,7;4;120;1;W 
14-09-2023;24,6;32,4;27,8;84;1,3;5,8;3;170;1;C 
15-09-2023;23,4;33,6;27,7;80;0;8,5;6;180;2;S 
16-09-2023;24;34;27,6;82;-;4,6;4;120;2;NW
17-09-2023;24,2;30,8;26,4;90;0;5;4;270;1;C 
18-09-2023;23,5;30,5;25,5;93;31,5;1,4;5;320;1;NW
19-09-2023;24;31,2;27,1;-;7,2;1,5;4;240;2;W 
20-09-2023;22,6;31,7;29,1;85;0;8,4;5;180;2;S 
21-09-2023;24,6;33,6;28,2;77;8888;4,5;6;170;3;S 
22-09-2023;24;33,2;28;74;-;7,8;6;160;2;C 
23-09-2023;24,9;32,7;27,7;84;1;8,6;4;26;1;NW
24-09-2023;23,2;33,8;27,2;84;2,2;1,9;5;170;2;S 
25-09-2023;22,6;33,4;26,7;84;-;7,8;5;160;2;S 
26-09-2023;22,3;33,8;27,1;80;-;5,1;6;170;2;S 
27-09-2023;22,2;34,2;27,1;80;0;7,5;4;130;1;C 
28-09-2023;22,9;34,6;27,9;79;0;7,4;4;100;2;N 
29-09-2023;24,2;34,8;28,1;83;-;8;4;110;1;S 
30-09-2023;24,6;33,4;28,1;82;1;7,8;5;130;2;C 
01-10-2023;24,5;33,6;28,1;80;-;2,9;6;160;2;S 
02-10-2023;24,4;33,6;28,2;78;0;3,4;4;160;2;C 
03-10-2023;23,3;35,2;27,8;81;0;5;5;150;2;S 
04-10-2023;23,2;34,6;28,2;81;8888;8,6;5;90;1;C 
05-10-2023;23,6;34,8;28,2;81;0;6,5;6;110;2;SE
06-10-2023;23,2;31,8;25,5;91;-;5,5;5;130;1;N 
07-10-2023;23,4;33,6;27;86;10;2,4;5;300;1;C 
08-10-2023;23,8;32,6;28;83;2,6;4,3;5;270;1;C 
09-10-2023;24;34,4;28,2;81;2,6;6,6;7;200;2;W 
10-10-2023;25,2;33,2;28,4;79;0;9,1;7;140;2;C 
11-10-2023;22,3;34,2;27,5;82;0;5,1;4;180;2;S 
12-10-2023;23;33,8;27,1;86;0;7,9;4;120;1;C 
13-10-2023;23,2;33,6;27,6;82;24,5;0,5;8;170;2;SE
14-10-2023;24,6;33,4;27,6;83;2,6;7,6;4;340;1;E 
15-10-2023;25;33,5;28,5;82;10;7,9;5;300;1;C 
16-10-2023;25;32,9;27,7;87;-;6;6;90;1;NW
17-10-2023;23;33,8;27,6;81;0;3,5;5;70;2;C 
18-10-2023;24,6;31,8;27,3;88;2;8;4;20;1;C 
19-10-2023;25,2;32,2;27,2;86;0,4;2,7;2;10;1;W 
20-10-2023;23,6;30;30;74;15,3;5,8;2;180;1;C 
21-10-2023;23;34,1;27,5;84;-;2,3;5;100;1;C 
22-10-2023;23,2;32,2;27,8;86;0,5;6,1;3;230;1;C 
23-10-2023;24,4;32,4;28,8;64;0;2,9;7;350;4;SW
24-10-2023;23,4;30,6;26,1;88;0;2,3;3;70;1;E 
25-10-2023;23,2;33,9;27,6;82;14,7;8,5;5;250;1;C 
26-10-2023;23,1;34,5;26,7;86;0;7,2;5;20;2;N 
27-10-2023;23,2;34;28;83;0,6;5,8;4;90;1;C 
28-10-2023;22,6;34,3;27,8;81;0;6,7;5;100;1;N 
29-10-2023;23,9;32,8;26,8;88;0;6,6;3;60;1;C 
30-10-2023;23,6;32,6;27,2;86;1,4;8,3;3;250;1;C 
31-10-2023;22,3;33,8;28,1;81;8;3,5;4;100;2;E 
01-11-2023;23;33,4;27,7;82;0;6,8;4;290;1;C 
02-11-2023;23,4;32,2;27,1;83;27,3;5,4;2;50;1;C 
03-11-2023;23,5;31,6;26,8;88;1;3,9;3;230;1;W 
04-11-2023;23,6;31,8;26,5;87;14;9,1;3;230;1;C 
05-11-2023;22,6;35,4;29;76;17,4;3,1;5;300;2;N 
06-11-2023;23,2;32,2;27,3;88;1;9,7;5;50;1;C 
07-11-2023;24,5;32,8;26,5;87;7,4;2,9;4;290;2;W 
08-11-2023;23,2;34,1;27,5;84;3,2;9,6;5;130;1;C 
09-11-2023;24;29,2;25,7;89;0;6,5;4;300;1;N 
10-11-2023;21,8;34;28,7;78;-;0;3;250;1;W 
11-11-2023;22,4;30,4;26,1;91;0;7,5;4;270;1;C 
12-11-2023;23,5;33,4;28,6;78;21,5;3,3;4;100;1;E 
13-11-2023;24,8;31,6;27,6;85;0;9,4;4;310;1;C 
14-11-2023;24,2;33,7;28,1;82;1,4;3,7;4;80;1;E 
15-11-2023;24;32;27,7;86;-;4,4;7;250;1;C 
16-11-2023;24,4;32,4;28;83;48,5;4,8;4;240;1;C 
17-11-2023;24,6;34,2;28,1;84;0;5,2;4;160;1;NW
18-11-2023;24,6;32;27,2;86;13;8,4;3;270;1;C 
19-11-2023;24;31,4;26,8;89;-;2,3;4;270;1;SW
20-11-2023;23,8;30,6;26,8;89;3,6;1,7;4;180;1;W 
21-11-2023;23,8;31,6;27,6;87;7;2,5;3;270;1;C 
22-11-2023;24,4;34,6;28,8;79;0;-;4;70;1;C 
23-11-2023;24,1;33,1;27,9;83;-;9,2;4;200;2;SW
24-11-2023;24,8;28,4;26;91;0;4,6;3;50;1;NE
25-11-2023;23;33,2;27,8;80;2,3;0;6;30;1;C 
26-11-2023;24,6;28,8;25,9;94;68,8;7;3;160;1;W 
27-11-2023;24,4;28,6;25,9;93;38,5;5,5;4;330;1;C 
28-11-2023;23,5;30,1;26,4;90;2,3;0;5;300;1;C 
29-11-2023;24,4;32,1;27,2;86;3,1;2,3;3;70;1;N 
30-11-2023;24,2;32,6;28,5;79;1,5;3,3;5;60;2;C 
01-12-2023;24;32,8;28;82;0;9,1;4;70;2;N 
02-12-2023;-;31;27,3;87;5,8;9;3;290;1;C 
03-12-2023;24,2;32;27,1;85;1;4,2;5;50;1;C 
04-12-2023;23,6;32,1;27,1;87;8888;4;3;160;1;N 
05-12-2023;23,8;32;27,5;85;8888;3,5;3;290;1;C 
06-12-2023;24;33,8;28;83;0;2,2;4;40;2;NE
07-12-2023;24;32,4;27,7;81;4;6,8;6;260;2;C 
08-12-2023;23,6;33,2;28,5;80;-;6,1;3;250;1;W 
09-12-2023;24;30,8;27,3;85;2;6,4;2;20;1;W 
10-12-2023;24,6;32,8;28,7;79;8888;1;5;300;2;W 
11-12-2023;24,9;30,2;26,7;88;1,5;6,2;3;350;1;N 
12-12-2023;25;33,8;28,3;80;0,1;0,1;5;40;2;NE
13-12-2023;25,4;31,2;27,4;86;5,5;6,6;4;270;1;W 
14-12-2023;25;32,6;28;81;1,7;2,4;4;50;1;N 
15-12-2023;24,2;34,4;28,3;79;0;6,2;4;270;1;C 
16-12-2023;25,2;33,5;27;88;0;7,1;7;270;2;N 
17-12-2023;24,4;32,6;27,1;87;28;7,2;3;10;2;E 
18-12-2023;24,4;31,2;27,1;86;18,5;3,6;4;230;1;W 
19-12-2023;24,6;31,2;27;88;0;3,9;8;220;2;SW
20-12-2023;23,8;32,6;27,3;88;22,9;2;3;160;1;C 
21-12-2023;24,2;32,3;26,7;91;3,5;2,8;4;240;2;W 
22-12-2023;23,5;31,8;27,1;90;8;4;5;50;1;NE
23-12-2023;24,5;31,8;27,2;83;1,4;1,9;5;50;2;NE
24-12-2023;23,2;32,8;28;77;8888;5,4;7;60;2;C 
25-12-2023;24,4;32,8;28,4;76;-;8;5;40;2;C 
26-12-2023;24;30;26,9;89;50;7;3;260;1;SE
27-12-2023;24,2;32;27,6;83;0,3;2,8;4;60;2;NE
28-12-2023;24;32;28;82;1;6,4;5;70;2;C 
29-12-2023;23,7;32,7;28,7;77;3,5;5,9;5;60;2;NE
30-12-2023;24,2;32,6;28,3;82;-;10,4;4;60;1;NE
31-12-2023;24,6;32,4;28,3;84;0;6,9;4;90;2;E 
01-01-2024;24,6;33,2;27,9;88;0;3,6;4;320;1;N 
02-01-2024;24,4;33;27,5;85;23,5;8,2;4;10;1;C 
03-01-2024;24,6;32;27,5;84;13,3;3,8;3;360;1;NE
04-01-2024;23,8;33,4;28,7;78;0;5,4;4;80;2;E 
05-01-2024;23,6;29,8;26,5;87;12;8,9;4;310;1;NW
06-01-2024;-;32,3;27,6;84;8888;8,5;5;40;2;NE
07-01-2024;24;33,4;28,2;79;-;4,8;5;70;2;N 
08-01-2024;24,8;29,8;26,5;88;8888;6,3;2;260;1;C 
09-01-2024;24,2;31,4;27,1;83;1,5;0;3;50;1;C 
10-01-2024;23;33,2;28,5;79;0;8,8;5;360;1;C 
11-01-2024;25;32,6;28,1;79;-;6,9;4;10;2;NE
12-01-2024;24,1;34,2;28,9;81;8888;6,8;4;320;2;NW
13-01-2024;25;32;26,7;90;-;8,6;4;280;2;W 
14-01-2024;24,6;32,6;27,5;86;7,6;1,8;5;30;2;NW
15-01-2024;24,8;32,2;27,5;89;0;7;6;30;2;C 
16-01-2024;24,7;30,8;25,8;93;6,3;1,5;4;260;2;W 
17-01-2024;24,4;31;27,1;89;5,4;0,3;4;70;2;N 
18-01-2024;23,8;32,2;28,2;83;0;2,1;4;20;2;N 
19-01-2024;23,6;33,2;27,4;88;0;5,6;4;320;2;NW
20-01-2024;24,2;32,9;27,9;84;3;2;4;260;2;W 
21-01-2024;24,2;33,1;27,1;87;0;9,6;4;320;2;NE
22-01-2024;23,5;32,2;27,8;88;6,2;3;5;50;2;NE
23-01-2024;24,2;31,2;26;90;4;5,6;3;250;1;W 
24-01-2024;23,2;30;26,5;90;39,5;2;4;50;1;C 
25-01-2024;24,2;31,8;26,4;90;0,5;7,6;4;20;2;C 
26-01-2024;23,8;32,9;28;83;10;5,4;5;360;2;N 
27-01-2024;24;32,4;27,7;84;0;7,1;6;10;2;NE
28-01-2024;23,8;32,4;27,7;81;-;6,6;5;20;2;NE
29-01-2024;23,5;32,6;27,9;82;-;8;4;70;2;C 
30-01-2024;23,4;33,4;28,6;77;0;6,5;5;350;2;E 
31-01-2024;24,5;33,5;28,5;80;-;9,6;4;80;2;NE
01-02-2024;24,2;33,2;27,9;84;4,9;7,2;4;260;2;W 
02-02-2024;24,6;32,2;26,9;86;-;5,1;5;160;1;N 
03-02-2024;24,4;31;27,6;84;0;1,8;3;340;1;C 
04-02-2024;23,6;32,8;27,6;83;-;8,3;6;250;2;W 
05-02-2024;24,1;32,9;27,5;82;14,3;2,7;4;270;2;N 
06-02-2024;24;34,4;28,5;80;2,8;5,5;4;60;2;NW
07-02-2024;25,2;32;26,9;84;0;7,3;3;250;1;N 
08-02-2024;24;34,6;28,8;75;8888;2;3;250;1;C 
09-02-2024;24,6;32,3;26,3;90;0;8,4;5;290;1;C 
10-02-2024;24,2;30,9;27,6;84;21,5;1,9;4;50;2;NE
11-02-2024;25;32;27,6;82;-;1,5;5;360;2;NE
12-02-2024;24,8;29,5;26;90;3;2,6;4;40;2;NE
13-02-2024;24;32,4;27,8;78;2,2;0;6;50;2;NE
14-02-2024;23,6;32,8;28,2;78;0;8,1;6;40;3;NE
15-02-2024;24,8;32,6;28,3;77;-;8;8;50;3;NE
16-02-2024;25;32,8;28,2;73;-;8,6;8;50;4;NE
17-02-2024;23,9;32,4;28,1;75;0;10,2;6;30;3;NE
18-02-2024;23,8;34;28,5;73;0;10,1;6;30;2;NE
19-02-2024;24;33,5;29;74;0;9,7;6;20;2;NE
20-02-2024;24,6;32,9;28,7;76;-;9,9;7;30;4;NE
21-02-2024;25,4;33,4;29;76;-;8;6;50;3;NE
22-02-2024;24,4;33,4;28,7;74;0;9,6;5;50;2;N 
23-02-2024;23,8;34,2;29,4;72;0;8,3;5;60;2;E 
24-02-2024;25,9;34,1;29,9;75;0;9,8;5;50;3;NE
25-02-2024;26,3;34,2;29,3;73;-;9,4;6;10;3;NE
26-02-2024;25,2;32;27,3;85;12,8;8,7;4;290;2;N 
27-02-2024;24,6;32,5;28,3;76;0;4;5;50;2;NE
28-02-2024;24,2;34,2;28,9;74;0;8;6;50;3;NE
29-02-2024;24,5;34;28,8;73;0;9,4;8;40;3;N 
01-03-2024;24,5;33,8;28,8;76;-;10;7;70;3;NE
02-03-2024;24,4;33,5;29,2;77;-;8,1;6;60;3;NE
03-03-2024;25,5;32,8;28,7;81;0,8;7,9;6;60;2;E 
04-03-2024;25,2;29,8;26,7;92;4,6;4,4;4;120;1;C 
05-03-2024;24,5;32,9;28,7;78;9,8;0,5;5;60;2;E 
06-03-2024;25,2;34,2;29,4;74;-;6,7;5;70;2;NE
07-03-2024;26;33,7;27;88;8888;7,8;2;350;1;W 
08-03-2024;24,6;32,4;28,3;83;8,6;2,8;5;60;2;N 
09-03-2024;24,4;31,5;27,9;80;0,6;9,3;6;10;2;N 
10-03-2024;25,4;28,6;26,3;88;1;2,9;4;280;2;W 
11-03-2024;23,4;33,2;28,3;75;8888;0;8;60;3;NE
12-03-2024;24;33,2;28,9;77;-;9,3;6;50;3;NE
13-03-2024;25,7;31,4;27,9;80;0;7,8;4;280;2;N 
14-03-2024;24,2;33,2;29,1;73;0;0,2;6;40;3;N 
15-03-2024;25,4;32,6;27,3;81;0;8;6;30;2;N 
16-03-2024;22,8;34,2;28,9;71;-;2,5;7;40;3;NE
17-03-2024;24,4;34;28,5;76;-;9,2;6;60;3;NE
18-03-2024;24;34,2;29,3;74;0;10,3;6;60;3;NE
19-03-2024;24,2;33,2;28,2;76;0;9,8;5;80;2;C 
20-03-2024;25;32;27,8;85;9,5;5,2;5;50;2;N 
21-03-2024;24,4;33,2;27,1;85;1,3;7,7;6;340;2;N 
22-03-2024;24,4;33;28,6;78;23,6;3,6;5;70;2;E 
23-03-2024;25;33,2;28,9;77;0;5,3;6;50;3;NE
24-03-2024;24,6;33,8;29,1;73;0;8,8;8;60;4;NE
25-03-2024;24,4;33,7;28,9;77;0;10,2;6;40;3;NE
26-03-2024;24,5;33,5;29,2;74;-;9,5;6;60;3;E 
27-03-2024;25;31,8;27,3;86;10,6;8,7;2;160;1;C 
28-03-2024;24,6;30,2;26,7;90;6,5;3,4;3;350;1;N 
29-03-2024;24,4;32,2;27,2;84;13,2;1,6;3;60;1;W 
30-03-2024;23,6;33,4;28,6;80;8888;2,2;4;70;2;E 
31-03-2024;24,2;32,7;28,5;79;-;8,9;5;60;2;E 
01-04-2024;25;32,2;27,2;86;-;3,9;5;30;2;NE
02-04-2024;24,4;32,6;28,2;78;9,8;4,6;6;60;2;NE
03-04-2024;23,8;33,6;29;70;0;8,3;5;50;2;NE
04-04-2024;24,2;33,6;28,5;76;0;11;6;40;3;NE
05-04-2024;23,6;33,8;30,7;69;0;10,1;4;240;3;E 
06-04-2024;25,4;34;29,3;75;0;9,8;6;60;2;N 
07-04-2024;25,2;34,2;28,3;80;0;7,3;6;70;3;NW
08-04-2024;25;33,6;29,2;77;0;4,3;5;40;3;NE
09-04-2024;25,4;32,8;28;85;8888;6,5;4;330;2;NW
10-04-2024;24,9;31,6;27,8;78;6;4;5;60;2;NE
11-04-2024;24;33,2;28,9;73;0;4,9;5;120;2;NE
12-04-2024;24,8;33,2;28,7;75;0;10;5;60;2;NE
13-04-2024;24,4;33,8;29;74;0;8,5;5;60;2;E 
14-04-2024;25;33,6;29,3;72;-;10,1;6;60;2;NE
15-04-2024;25;34,4;29,7;69;0;9,3;4;80;2;E 
16-04-2024;26,2;34;29;73;8888;9,8;5;70;2;E 
17-04-2024;24;35;29,3;71;-;8,8;5;70;2;E 
18-04-2024;24,8;35,2;29,5;72;-;8,8;4;80;1;N 
19-04-2024;25;33,8;29,5;74;0;6,7;3;90;2;E 
20-04-2024;25,8;33,6;28,9;78;-;5,5;6;50;2;NE
21-04-2024;25,2;35,6;29,7;71;1;5,2;5;70;2;NE
22-04-2024;24,4;33,5;29,3;77;-;8,2;4;60;2;NE
23-04-2024;26;33,8;29,6;77;4,5;7,4;5;80;2;E 
24-04-2024;25,5;32,4;28,3;82;-;5,9;5;150;2;S 
25-04-2024;25,5;33,7;28,6;77;-;3,1;6;70;2;E 
26-04-2024;24,8;35;29,5;73;-;6,2;5;50;2;NE
27-04-2024;24,8;32,8;28,2;84;6,5;6,2;6;80;2;C 
28-04-2024;25;33,3;27,3;87;1;4,2;3;120;1;C 
29-04-2024;24,2;27,7;26,3;95;40,8;1,8;3;60;1;S 
30-04-2024;24,8;32,6;28,6;83;7,5;0,1;4;80;2;E 
01-05-2024;24,8;35;29;82;-;-;4;140;2;E 
02-05-2024;25;34,8;29,4;81;0;5,3;4;90;2;W 
03-05-2024;-;-;-;97;16,5;5;3;210;1;C 
04-05-2024;24,4;32,6;28,4;82;32,5;0;5;110;2;SW
05-05-2024;25,6;30,3;26,9;90;-;3,3;5;200;2;SW
06-05-2024;25;32;27,9;84;33,5;0,6;3;200;1;S 
07-05-2024;24,8;33,6;28,1;86;0,4;3,7;3;240;1;SE
08-05-2024;25,4;31,7;26,8;91;-;3,9;4;240;1;W 
09-05-2024;25,1;30,4;26,8;89;49;0,8;3;200;2;S 
10-05-2024;23,5;34;29;78;8888;2;4;100;1;E 
11-05-2024;24,6;33;27,8;89;-;8,3;4;250;1;E 
12-05-2024;25;31,2;27,1;91;27,5;2,2;2;160;1;C 
13-05-2024;24,3;33,5;28,3;85;6,5;0,8;4;20;1;N 
14-05-2024;24,8;34,2;27,6;88;0,9;5,6;3;100;1;SW
15-05-2024;24,8;34;28;86;26,5;4,5;4;160;1;NW
16-05-2024;24,2;34,2;28,2;85;1,3;4,4;4;190;1;W 
17-05-2024;25,8;32,7;27,7;85;11;3,7;3;180;1;C 
18-05-2024;24,8;31,1;27,8;90;6,5;4,8;2;210;1;N 
19-05-2024;25,8;33,8;28,1;86;4,6;1;4;210;2;SW
20-05-2024;24,8;32,6;27,9;87;6,2;1,8;2;170;1;SW
21-05-2024;25,2;32,4;27,8;86;0;2,9;4;120;1;W 
22-05-2024;24,9;32;28;89;0;3,2;4;100;1;C 
23-05-2024;25,6;32,3;27,6;89;3;2,6;4;140;1;SE
24-05-2024;25;34,6;29;82;1,8;1,5;3;60;1;SW
25-05-2024;25,5;32;28;90;6,1;7,1;4;260;1;W 
26-05-2024;26;29,4;27;92;23,4;3,2;4;270;1;W 
27-05-2024;25,2;32,2;28;86;12,4;0,3;3;230;1;W 
28-05-2024;24,9;32,1;28,4;85;3;2,1;3;80;1;C 
29-05-2024;26;33,2;29,2;80;0;2,5;4;80;1;E 
30-05-2024;26;34;29;80;0;5,5;5;60;2;E 
31-05-2024;25,1;33,8;29,1;79;0;6,1;5;80;2;E 
01-06-2024;25,8;33,1;29,1;81;8888;7,9;4;60;2;SE
02-06-2024;26;29,8;26,6;91;11,5;5;4;230;2;SW
03-06-2024;24,9;32,2;27,7;86;7,8;3,4;4;200;2;SW
04-06-2024;25;29;26,4;91;8,9;4,3;4;230;2;W 
05-06-2024;24,8;32,2;27,8;86;4,7;0,8;7;140;1;W 
06-06-2024;25;31,4;27,8;86;15,5;2,6;2;290;1;W 
07-06-2024;25,1;31,3;27,4;88;-;1,4;3;90;1;W 
08-06-2024;24,8;31;26,6;89;0;3;4;260;1;S 
09-06-2024;24,2;30;26,7;90;2,7;1,7;3;260;1;C 
10-06-2024;24;32,8;26;91;8888;0,5;4;260;1;N 
11-06-2024;24;32;26,9;87;106,4;3,7;2;280;1;C 
12-06-2024;24;31,6;26,7;90;4,5;4,6;4;190;1;W 
13-06-2024;24,1;28;26,3;94;5,5;3,3;3;230;1;SW
14-06-2024;25;31,2;26,8;89;1,9;0;3;200;1;C 
15-06-2024;24,4;31,6;26,9;87;0;1,1;3;200;1;S 
16-06-2024;24;32;27,2;86;0;3,4;3;170;1;C 
17-06-2024;23,9;31,8;27,7;84;8888;4,2;4;230;1;N 
18-06-2024;24,5;31,5;27,6;87;5,3;5,9;3;310;1;W 
19-06-2024;25;27;25,1;94;10,5;3,8;3;240;1;C 
20-06-2024;23,8;32,2;27,6;82;32,5;0,1;4;210;2;S 
21-06-2024;23,8;32;27,6;80;0;5,5;5;160;2;S 
22-06-2024;24;30,5;27,4;86;-;5,5;4;200;1;S 
23-06-2024;25,3;30,2;26,5;89;3,5;2,3;3;240;2;W 
24-06-2024;24,2;28,4;25,8;91;14,6;0;2;140;1;C 
25-06-2024;24,2;32,6;27,7;81;8888;0,2;3;90;1;N 
26-06-2024;24;32,6;26,5;89;-;2,7;5;100;1;C 
27-06-2024;24;32,4;26,2;88;11,6;3;4;30;1;NE
28-06-2024;23,2;32,6;27,5;86;15,2;-;3;320;1;C 
29-06-2024;24,6;29;26,6;92;9,3;4,7;5;140;1;SW
30-06-2024;24,7;31,1;27,2;88;52;2,2;3;240;1;SW
01-07-2024;24,4;29,4;26,9;89;-;3,1;4;170;2;S 
02-07-2024;24,6;27,8;25,5;93;8888;0,2;3;240;1;SW
03-07-2024;24,2;30,6;26,5;88;18,6;1,6;4;120;1;N 
04-07-2024;24,4;33,2;27,6;83;8888;0,8;3;90;1;C 
05-07-2024;23,7;31,9;26,4;88;0;5,3;2;240;1;N 
06-07-2024;23,4;31,2;26,9;89;8888;3;3;30;1;SE
07-07-2024;24,4;26,6;24,6;95;33,3;2;4;240;2;SW
08-07-2024;-;29,6;-;-;-;-;3;290;1;W
09-07-2024;24,9;27,4;25,8;95;8888;0,1;5;230;1;SW
10-07-2024;24;32,1;26,4;89;5,1;0;3;260;1;W
11-07-2024;24,4;28;26,1;93;32;5,4;4;240;1;SW
12-07-2024;24,3;31,4;26,9;87;8888;0,5;4;240;2;S
13-07-2024;24,8;28,4;26,1;90;1,6;2,8;3;170;1;S
14-07-2024;23,9;31;26,9;85;0;0;5;180;2;S
15-07-2024;23,2;32,6;27;84;0;4,8;4;190;2;S
16-07-2024;24,8;31,4;26,7;91;0;6,2;6;210;2;C
17-07-2024;24;32;27,1;85;2,5;3,3;5;200;2;S
18-07-2024;23,8;31,3;25,5;93;0;4,7;6;240;2;SW
19-07-2024;23,6;31,6;26,6;88;2,5;4;5;190;2;S
20-07-2024;23,4;32;27,3;85;0;4,1;5;170;2;S
21-07-2024;24,4;30,9;27,1;89;0;7;6;160;2;S
22-07-2024;25,4;28,4;26,8;92;0,8;2,8;4;210;1;SW
23-07-2024;25,2;30,2;27,3;89;3,5;0,7;5;190;2;S
24-07-2024;25;32,3;27,7;87;8888;1;4;210;2;S
25-07-2024;24,3;30,6;27,1;87;0;1,6;4;200;2;S
26-07-2024;23,9;31,6;27,1;87;5;3,9;4;200;1;C
27-07-2024;23,5;33,6;27,3;85;7;4,1;4;170;2;S
28-07-2024;24;33,2;28,2;81;0;6,1;4;170;2;S
29-07-2024;23,8;32,7;26,7;88;0;8;4;40;2;S
30-07-2024;23,6;31,5;26,4;91;3,5;3,8;3;170;1;C
31-07-2024;24,2;32,4;27,9;83;10,5;5,3;4;320;2;W
01-08-2024;23,5;32;27,4;84;8888;7;3;210;1;S
02-08-2024;23,9;29,5;25,9;91;0;5,1;5;210;1;C
03-08-2024;23,9;30,7;26,5;87;20,5;0;5;210;2;SW
04-08-2024;23,5;31,9;27,1;85;0;4,5;4;200;2;S
05-08-2024;23,8;31,5;27,3;86;0;8;3;220;1;SW
06-08-2024;24,2;30,2;26,8;88;8888;3,2;4;220;2;SW
07-08-2024;24,4;28,4;25,9;94;2,1;0,5;4;180;1;S
08-08-2024;24,2;29,1;26,2;91;8888;1,1;2;170;1;W
09-08-2024;24,5;32,2;27,3;86;2;3,2;4;190;1;C
10-08-2024;23,6;31,5;26,6;88;8888;4,5;3;220;1;SW
11-08-2024;23,4;29,2;26,3;89;2,8;2,4;5;210;1;S
12-08-2024;22,8;31,2;26,8;87;8888;3,2;4;230;2;SW
13-08-2024;24,5;30;26,4;89;2;2,1;3;220;1;SW
14-08-2024;23,3;32;26,5;90;7,8;2,1;5;170;1;S
15-08-2024;23,4;29;25,9;90;6,4;2,9;4;170;1;C
16-08-2024;22,8;31,9;26,8;84;0;1,2;4;230;1;SW
17-08-2024;23;29;26;92;0;4,9;5;330;1;SW
18-08-2024;23;31,1;25,8;93;23,4;2,8;5;190;1;S
19-08-2024;23,3;30;25,6;94;3,1;3,4;3;240;1;S
20-08-2024;23,6;30,1;26,4;91;7,9;1,4;3;250;1;W
21-08-2024;23,8;29,5;26,4;90;21,2;1,7;3;180;1;W
22-08-2024;24,2;27,6;25,7;94;1,3;1,4;2;200;1;W
23-08-2024;24,4;32,4;27,3;84;1,2;0;3;180;2;S
24-08-2024;23,9;29,2;25,4;91;0;2,3;6;180;2;SW
25-08-2024;24;29,4;26,7;86;3,2;0,4;6;190;2;SW
26-08-2024;24,6;30,2;26,2;92;0,8;2,2;4;240;1;SW
27-08-2024;25;29,1;26,1;95;15,4;1,6;3;180;2;S
28-08-2024;24,7;30,4;26,4;93;8888;4,4;4;270;2;W
29-08-2024;24,1;30,3;25,9;93;15,2;8;4;240;1;SW
30-08-2024;24,2;32,2;26,7;89;15,9;6,6;4;160;2;S
31-08-2024;24,2;32,7;27,3;87;13;8;4;170;2;S
01-09-2024;24,2;32,4;27,3;82;2,4;8;4;160;2;SW
02-09-2024;24,9;32,1;27,9;82;0,5;8;6;170;2;S
03-09-2024;24,8;33,8;28,3;81;8888;8;4;100;2;E
04-09-2024;25;34,2;27,8;86;0;8;4;150;2;SW
05-09-2024;24,5;32,6;26,3;88;1,2;8;4;280;2;W
06-09-2024;24,4;32;27,1;87;52,2;6,4;4;170;2;E
07-09-2024;24,1;32,5;27,7;85;2;8;4;230;1;C
08-09-2024;25;33,5;28,5;83;0;8;4;100;2;W
09-09-2024;25,3;31,3;27,3;88;1,7;4,4;5;230;2;S
10-09-2024;25,1;32;28;81;2,8;6,8;7;260;2;S
11-09-2024;23,8;33;27,5;79;0;8;5;190;2;S
12-09-2024;22,9;32,7;27,4;77;0;8;6;220;3;SW
13-09-2024;25;32,6;28;75;0;8;9;190;4;S
14-09-2024;24,1;32,6;27,5;75;0;8;6;200;3;S
15-09-2024;22,7;33,4;26,8;78;0;8;6;210;2;SW
16-09-2024;23,4;31,7;26,8;80;0;8;6;190;3;S
17-09-2024;24,5;33;27,9;79;0;8;5;160;2;S
18-09-2024;24,8;32,4;27,8;82;0;8;5;180;2;S
19-09-2024;25;34,6;28,4;83;1,5;8;4;140;2;SW
20-09-2024;24,5;33,6;28,2;82;0;8;5;100;2;S
21-09-2024;24,3;32,4;27,5;84;0;8;3;70;1;E
22-09-2024;24,3;33,5;28,7;79;0;8;3;60;1;E
23-09-2024;24,4;34;28,3;80;0;8;4;60;2;NE
24-09-2024;24,3;34,5;27,7;79;0;8;6;190;2;NE
25-09-2024;23,8;30;27;88;1,6;8;3;280;1;W
26-09-2024;24,8;31,2;27,3;88;8888;8;3;100;1;E
27-09-2024;25;29,7;26,3;93;16,4;8;2;340;1;C
28-09-2024;23,6;33;27,8;81;7,1;5,9;5;50;2;N
29-09-2024;23,4;31,3;25,5;94;0;8;5;320;2;SW
30-09-2024;23,4;30,7;26,6;89;38,8;6,6;4;240;1;SW
01-10-2024;23,6;33,4;26,5;87;9;6,9;5;200;2;W
02-10-2024;24,2;31,2;26,9;87;32,5;8;4;10;2;NW
03-10-2024;24,4;28,6;25,9;92;0;2,8;2;150;1;C
04-10-2024;23,2;32,5;26,3;88;1,5;8;6;200;1;C
05-10-2024;23,3;33;28;81;9,7;7,5;4;270;2;W
06-10-2024;23,8;32,1;25,7;91;0;8;3;40;1;SW
07-10-2024;23;31,4;26;92;9,8;5,8;4;240;2;SW
08-10-2024;24,7;31;27,4;86;135,5;5,9;4;250;2;W
09-10-2024;24,7;33,4;28,2;82;0;8;3;130;1;SE
10-10-2024;24,2;31,6;26,6;89;5,1;8;3;90;1;C
11-10-2024;24;31;26,2;92;2,1;5,5;4;280;1;W
12-10-2024;24;33,1;27,5;85;71;8;5;70;1;E
13-10-2024;24,7;31,7;27,6;85;0;8;3;150;1;E
14-10-2024;24,8;31,3;27,2;91;0,5;7,5;2;280;1;C
15-10-2024;24,4;32,6;27,9;87;3,5;6,4;4;190;2;W
16-10-2024;24,8;32,3;27;87;8888;8;3;280;1;W
17-10-2024;25;31,2;27,1;90;22,6;7,9;4;320;2;W
18-10-2024;24;30,4;26,3;82;0,5;8;5;240;2;SW
19-10-2024;24,3;32,2;27,8;81;1;8;6;270;2;W
20-10-2024;24,7;34;27,8;79;0;8;4;180;2;W
21-10-2024;25;27,2;25,1;91;0;8;7;280;2;C
22-10-2024;23,1;33,6;27,6;81;12;5,7;6;250;2;SW
23-10-2024;24;32,8;28,4;80;0;8;7;180;2;S
24-10-2024;24,9;34,2;27,8;82;0;8;6;260;2;SW
25-10-2024;24,7;33,3;28,8;80;0;8;6;280;2;W
26-10-2024;23,8;32,8;27,9;82;7;8;5;210;2;C
27-10-2024;23,8;32,9;27,6;83;1,4;8;5;170;2;S
28-10-2024;23,9;34,3;28,1;80;0;8;4;160;2;S
29-10-2024;24,5;35;28;82;0;8;6;200;2;S
30-10-2024;23,9;34,3;28,3;81;0;8;4;90;2;E
31-10-2024;24,9;30,9;26,7;90;0;8;4;330;2;S
01-11-2024;24;31,5;26,5;84;10,4;8;4;70;1;W
02-11-2024;23,3;33,6;27,5;82;0;8;5;70;2;C
03-11-2024;24,6;30,2;25;93;0;8;4;230;1;C
04-11-2024;22,2;33,1;26,5;85;4,2;3,7;5;240;2;W
05-11-2024;24,1;32,7;28,1;79;8888;4,5;5;170;2;S
06-11-2024;24,4;32,8;28,1;83;0;8;4;250;1;C
07-11-2024;24,5;31,2;27,3;88;0;8;2;50;1;C
08-11-2024;23,8;34,6;28,1;83;8888;7,6;5;90;1;C
09-11-2024;25,5;30,8;27,7;88;16;8;4;240;1;SW
10-11-2024;25;31,9;27,5;87;4,8;4,9;3;210;1;E
11-11-2024;24,4;28;25,5;96;4;7,7;8;230;2;SW
12-11-2024;23,6;32,8;27,5;84;63;5;4;170;1;S
13-11-2024;24,6;33,4;28,2;83;0;8;6;150;1;C
14-11-2024;25,4;31,4;27,2;90;0;8;5;50;2;SW
15-11-2024;24,6;32,5;27,6;86;11,5;8;4;70;1;E
16-11-2024;24,8;31,6;27;88;2,5;8;6;330;1;W
17-11-2024;24,8;32;27,7;86;8888;7,7;5;40;1;C
18-11-2024;24;32,9;27,8;82;8888;8;4;70;2;E
19-11-2024;25,4;30,4;27;90;2,7;8;4;50;1;NE
20-11-2024;24,8;30,8;26,7;89;2;8;3;70;1;C
21-11-2024;23,7;32,4;27,2;84;4,9;8;6;70;2;E
22-11-2024;24;32,7;27,6;84;0;8;3;90;1;E
23-11-2024;25;29,6;26,7;93;8888;8;3;60;1;C
24-11-2024;23,8;32,8;27,4;85;4,3;6,3;3;80;1;E
25-11-2024;24,9;30,7;26,9;92;0;8;3;40;1;N
26-11-2024;24,4;33;27,4;87;4,6;7,7;4;60;1;E
27-11-2024;24,4;32,8;27,8;83;0;8;3;300;1;C
28-11-2024;25,5;32;27,8;86;8888;8;3;260;1;W
29-11-2024;25,4;33;28,4;82;8888;8;6;260;2;W
30-11-2024;24,5;31;26,7;86;2;8;4;270;2;W
01-12-2024;23,6;27,5;25,3;95;43;7,7;2;190;1;S
02-12-2024;24,2;32,8;28,2;85;1,4;6,5;4;270;2;W
03-12-2024;25,9;28,6;25,9;93;8888;8;5;310;2;W
04-12-2024;24,4;29,9;27;87;3;6,4;5;270;2;W
05-12-2024;25;29,5;26;93;0;8;3;260;1;W
06-12-2024;23,9;33,4;27,3;84;11;5,3;5;130;2;W
07-12-2024;23,8;32,5;27,3;85;45,2;8;4;90;1;E
08-12-2024;24,9;31,4;27,5;80;8888;8;4;340;1;NW
09-12-2024;23,7;32,4;27,2;83;8888;8;3;140;1;SW
10-12-2024;23,8;32,4;28,3;83;0;7,8;4;240;1;W
11-12-2024;24,3;31,7;27,1;83;1,4;8;4;210;2;SW
12-12-2024;24,6;30;25,9;93;28,3;8;3;180;1;W
13-12-2024;23,7;31,3;26,6;87;17,4;7,7;4;240;1;SW
14-12-2024;24,8;32,2;27,6;87;8888;8;7;300;2;NE
15-12-2024;23,7;29,7;26,2;88;1;8;4;40;1;C
16-12-2024;24,3;26,8;24,7;95;0;8;3;260;1;W
17-12-2024;22;32,2;26,2;85;31,3;6,8;5;230;2;W
18-12-2024;22;32,5;27,9;81;16,6;8;5;280;2;W
19-12-2024;24,4;32;27,6;82;3;8;6;270;2;W
20-12-2024;24,4;32,7;27,3;86;0;8;4;160;2;S
21-12-2024;24,2;32,4;27,8;84;31,6;7,4;5;180;3;SW
22-12-2024;23,3;31,8;26,4;89;48,5;8;5;230;2;SW
23-12-2024;23,4;31,3;27,1;87;15,8;6,4;3;250;1;S
24-12-2024;25;30,6;27,6;87;0;8;6;300;2;W
25-12-2024;24,1;30;26,6;89;2,9;8;4;230;2;C
26-12-2024;24,6;31,2;27,3;82;0;8;2;100;1;N
27-12-2024;24,8;29,6;26,6;87;8888;8;4;280;2;W
28-12-2024;24,8;33,9;28,1;83;8888;7,8;4;250;2;W
29-12-2024;24,8;32,6;27,5;83;4;8;3;310;1;C
30-12-2024;23,8;32,9;27,5;83;3,2;8;4;240;2;W
31-12-2024;24,2;30,1;27,1;85;0;8;4;280;2;W
01-01-2025;25;33,5;28,7;82;8888;8;3;270;2;SW
02-01-2025;24,6;29;25,5;91;22,1;8;3;30;1;W
03-01-2025;24;32;27,2;86;2;3,9;4;170;2;S
04-01-2025;24;28,9;25,8;90;8,6;8;3;300;1;N
05-01-2025;22,9;32,6;25,4;90;8888;6,1;9;270;2;NE
06-01-2025;23,5;33,5;27,1;85;1,3;8;3;110;1;W
07-01-2025;24,6;29,9;26,6;90;0;8;4;250;2;W
08-01-2025;24,8;26,9;25,7;93;8888;8;3;220;1;E
09-01-2025;23,7;31,1;26,8;87;1,4;6,5;2;210;1;S
10-01-2025;24;33,8;26,4;87;0,5;8;4;90;1;NW
11-01-2025;23,3;32,4;26,7;86;22,3;8;4;190;1;C
12-01-2025;24,6;32;28;81;8888;8;5;270;2;W
13-01-2025;24,7;28,3;25,9;92;0,4;8;3;260;1;NE
14-01-2025;24,4;31,8;25,8;91;5,8;6,3;5;200;2;W
15-01-2025;23,8;30;26,5;87;16,5;7,1;5;320;2;NW
16-01-2025;24;33,1;27,4;80;8888;8;4;310;2;NW
17-01-2025;24,3;31,3;27;84;1,6;8;4;60;2;NW
18-01-2025;24,2;32;27,4;83;2;8;6;60;2;NE
19-01-2025;25,1;31,6;27,8;80;8888;8;5;330;2;SW
20-01-2025;24;31,1;27;85;47,2;8;3;180;1;NW
21-01-2025;24;32,5;27,4;81;0;8;4;170;2;S
22-01-2025;24;30,2;26,7;87;6;8;3;230;2;W
23-01-2025;24,5;30,6;26,8;88;7;6,4;4;230;2;W
24-01-2025;23,8;30,6;26,7;87;19,2;8;3;300;1;W
25-01-2025;24,1;33,3;27,2;85;2,1;8;4;250;1;W
26-01-2025;24,6;26;24,7;96;2,3;8;4;330;2;W
27-01-2025;22,8;32,4;26,5;86;114,5;2,8;3;70;2;NW
28-01-2025;24,2;31,2;26,5;90;8888;8;4;360;2;SW
29-01-2025;23,8;27,6;25,5;92;27,2;8;3;260;1;W
30-01-2025;23,8;28,6;25,7;91;1,9;7,8;2;100;1;C
31-01-2025;23,8;31,4;26,1;89;4,5;7,9;8;350;2;C
01-02-2025;24,1;30,2;27;83;39;8;4;260;1;W
02-02-2025;25,4;33,2;28,1;82;0;8;4;70;1;E
03-02-2025;25,4;31,9;27,3;86;0;8;4;210;1;NW
04-02-2025;24,2;32;27;81;8888;7,7;4;310;1;NW
05-02-2025;24,5;34,2;28;82;8888;7,9;4;220;1;C
06-02-2025;24,8;27,2;25,9;90;2,7;8;2;240;1;NW
07-02-2025;24,2;31;27;86;4,8;6,3;6;230;2;S
08-02-2025;23,7;31;26,4;89;1;8;4;230;2;SW
09-02-2025;24,2;32;26,6;90;28,1;6,5;5;160;2;W
10-02-2025;24,3;32,6;26,6;87;4;5,8;4;240;1;E
11-02-2025;23,6;32,1;26,2;89;45;8;4;240;1;E
12-02-2025;23,5;31,7;26;92;1,5;6,5;6;250;2;W
13-02-2025;24,4;30,8;27;86;5,3;7,3;3;260;1;W
14-02-2025;24,6;32;27,6;81;0;8;7;60;2;NE
15-02-2025;23,5;33,6;27,7;80;0;8;4;290;2;E
16-02-2025;24,9;33,1;28,3;79;0;8;4;320;2;E
17-02-2025;23,6;32;27,3;84;12,2;8;5;170;2;W
18-02-2025;24,3;28,8;26,1;87;1;8;3;290;1;W
19-02-2025;24;33,3;26,8;83;8888;7,4;6;250;2;W
20-02-2025;22,9;27,8;25;88;38,4;8;4;260;2;W
21-02-2025;23,1;32,2;27;84;1;8;3;110;1;SW
22-02-2025;24,6;30;27;86;0;8;3;40;1;NE
23-02-2025;24,3;27,4;24,9;90;0,3;7,9;4;250;1;W
24-02-2025;24;30,5;26,5;83;1,5;6,9;4;40;2;NE
25-02-2025;24,2;31,7;27,1;81;0,8;8;4;40;2;NE
26-02-2025;24,4;31,5;26,8;84;2,6;8;3;160;1;W
27-02-2025;24,4;31,1;27,2;82;2,4;7,5;4;50;2;NE
28-02-2025;22,9;33;27,3;78;0;8;5;40;2;E
01-03-2025;24,1;29,8;26;89;9,5;8;3;50;1;NE
02-03-2025;23,8;32,2;27,2;81;0,7;8;3;80;1;E
03-03-2025;24,8;33;27,9;80;0;8;4;60;2;NE
04-03-2025;26;32,4;28;87;14,3;8;6;280;1;W
05-03-2025;24,9;29,4;26,8;90;27;5,7;3;30;1;NW
06-03-2025;25,2;33,4;28,1;82;0,6;7,3;3;300;2;NW
07-03-2025;24,6;28,1;25,6;93;44,4;8;5;260;1;W
08-03-2025;24;27,2;25,5;91;13,8;3,5;5;60;1;NE
09-03-2025;24,3;31,8;27,4;84;7;5,5;5;60;2;NE
10-03-2025;23,9;32,1;27,4;80;0;8;4;180;1;S
11-03-2025;25,4;30,3;27,3;86;3,4;8;4;40;1;NE
12-03-2025;24,7;32,4;28,1;80;6;7,1;6;70;2;NE
13-03-2025;25;29,6;26,7;87;0;8;3;270;1;SE
14-03-2025;25,4;32,7;28,3;80;8,3;5,8;4;140;2;E
15-03-2025;25;32,8;28,4;81;0;8;4;320;2;W
16-03-2025;24,2;31,6;27,4;83;7,5;8;4;260;2;W
17-03-2025;23,9;28,4;25,7;87;11,2;8;5;240;2;W
18-03-2025;24,1;33,1;27,9;81;1,4;7,4;3;110;1;E
19-03-2025;25,1;33;28;82;0;8;3;310;2;W
20-03-2025;24;26,8;24,8;93;3,6;7,5;4;270;1;W
21-03-2025;23,7;28,8;26,1;89;23,7;4,3;4;270;1;W
22-03-2025;24,2;30,8;26,6;88;8888;8;5;180;2;NW
23-03-2025;24;31,4;27;84;8,5;8;4;210;2;E
24-03-2025;23,6;32,4;27,5;81;6,6;8;6;340;2;W
25-03-2025;24,1;29,8;26;87;5,4;8;2;310;1;E
26-03-2025;23,8;32,4;27,8;84;3,1;5,4;3;90;1;E
27-03-2025;25;33,6;28;84;0;8;3;60;1;SW
28-03-2025;24,8;34,1;28,3;83;8888;7,6;3;180;1;E
29-03-2025;24,4;32,1;26,7;87;0;8;5;240;2;W
30-03-2025;23,8;26,7;25,1;91;8,8;6,7;3;50;1;E
31-03-2025;23,9;33,1;27,6;83;0,3;4,6;7;310;2;NW
01-04-2025;23,2;29;25,9;86;38,3;8;5;270;2;W
02-04-2025;23,9;32,4;27,4;83;2,4;8;3;280;1;W
03-04-2025;23,8;33,1;26,6;85;0;8;5;180;2;NW
04-04-2025;24,5;30,4;26,8;86;12,3;8;3;290;2;NE
05-04-2025;24,6;32,4;28,1;80;1;8;4;60;2;E
06-04-2025;24,3;29,4;26,3;85;0;8;5;280;2;W
07-04-2025;24,6;32,8;27,7;81;0,2;8;3;60;1;E
08-04-2025;24,6;32,9;27,9;82;0;8;5;180;1;W
09-04-2025;24,4;28,9;26,2;88;30,9;8;6;270;2;W
10-04-2025;24,3;33,9;28;82;0,8;8;4;250;1;W
11-04-2025;23,7;28,1;25,1;91;43,5;8;4;250;1;W
12-04-2025;23,8;33,5;27,7;83;3,1;8;4;320;1;NW
13-04-2025;25;28,4;26,1;92;0;8;5;250;2;W
14-04-2025;24,9;30,8;26,5;91;10,8;6,4;6;300;2;W
15-04-2025;24;29,9;26,4;86;5,7;8;4;280;2;W
16-04-2025;24,3;34,3;28,3;83;1;8;3;80;1;W
17-04-2025;24,5;32,4;27,9;80;11,4;8;6;310;2;NW
18-04-2025;24,9;30,8;27,1;86;13;8;6;270;1;W
19-04-2025;24,4;32;27,3;86;0;7,8;3;40;1;C
20-04-2025;24,2;31;28;82;0;8;6;230;2;W
21-04-2025;23,3;29,4;26;87;23,7;8;3;310;1;W
22-04-2025;23,4;30,7;26,4;86;2;2,1;5;200;1;W
23-04-2025;24,3;29,8;26,6;86;1,4;7,7;4;250;1;NW
24-04-2025;24,1;32;26,3;88;8888;8;4;160;1;S
25-04-2025;24,1;30,2;26,7;86;1;6,5;5;250;1;W
26-04-2025;23,2;32,8;26,8;80;1,8;8;4;60;1;E
27-04-2025;24,6;33,1;28,1;81;0;8;4;290;2;W
28-04-2025;25,1;31,7;27,6;86;2,2;8;3;160;1;W
29-04-2025;24,8;31,5;26,5;87;15;8;4;190;1;W
30-04-2025;24,3;32,1;27,3;84;8888;5,5;5;237;2;S
01-05-2025;24,4;32;27,3;87;0;8;3;220;1;W
02-05-2025;24,2;29,3;25,1;96;4,5;7,5;3;270;1;C
03-05-2025;23,3;33,5;26;89;23,6;5,3;4;100;1;SW
04-05-2025;23,4;34;28,3;81;22,4;7,7;3;270;2;W
05-05-2025;24,7;32,4;27,5;81;0;8;3;320;1;SW
06-05-2025;24,3;33,5;27,8;84;0;7,6;4;140;2;SE
07-05-2025;24,3;31,4;27,2;82;19,1;8;4;40;1;W
08-05-2025;23,3;33,1;27,4;82;0;3,3;4;330;2;S
09-05-2025;24,9;33;28,1;84;0;8;5;160;2;S
10-05-2025;24,6;30,3;27,2;86;8888;8;4;290;1;C
11-05-2025;24,4;34,5;27,7;84;0;8;4;70;1;W
12-05-2025;23,8;27,8;25,1;94;69,5;8;5;240;1;SE
13-05-2025;24,1;32,6;27,8;83;14,8;4,9;3;90;1;E
14-05-2025;24,9;32,7;27,8;85;0,5;8;4;270;1;C
15-05-2025;24,6;32,9;27,5;88;3,2;8;4;50;1;S
16-05-2025;24,9;32;27,5;87;8;6,6;5;230;2;W
17-05-2025;24,5;32,2;27,9;83;0;7,1;5;260;2;W
18-05-2025;24,7;32,8;27;83;0;8;6;230;1;SW
19-05-2025;23,9;32,9;26,7;86;2,1;8;4;60;1;S
20-05-2025;23,7;31;26,4;91;54;7,6;4;230;1;W
21-05-2025;24,2;28,5;25,5;91;0,4;6,6;4;40;1;NE
22-05-2025;24,3;29,7;26,1;92;8888;7,5;4;250;1;S
23-05-2025;23,9;31,7;26,7;85;24,8;8;2;120;1;SW
24-05-2025;24;32,5;26,7;88;0;8;4;180;1;S
25-05-2025;24,5;32,9;28,2;83;20;7,9;2;100;1;E
26-05-2025;24,6;32,9;27,6;88;0;8;6;290;2;W
27-05-2025;23,8;26,9;24,4;95;59,9;6,7;4;270;1;W
28-05-2025;23,8;33;28;82;33,9;2,7;4;160;1;SW
29-05-2025;25,8;30,9;26,6;91;0,2;8;4;250;1;C
30-05-2025;24,3;32,1;28,1;83;32;6;4;40;1;SW
31-05-2025;24,8;29;26,5;92;0;8;3;310;1;SW
01-06-2025;24,3;26,8;25,1;94;10,6;5,9;4;160;1;SE
02-06-2025;23,5;28,5;25,8;89;4,4;5,6;7;330;1;C
03-06-2025;23,9;30,5;26,8;85;0;8;2;240;1;SE
04-06-2025;24,9;32,8;28,1;83;8888;8;3;360;1;NW
05-06-2025;24,8;32,7;27,9;83;0;8;5;180;1;S
06-06-2025;25,2;31,5;27,5;87;0;8;4;300;1;C
07-06-2025;24,9;29,7;26,7;89;0;7,8;4;300;2;W
08-06-2025;23,7;32;26,2;90;0;8;7;210;2;SW
09-06-2025;24;33,1;27,5;83;7;7,8;4;290;1;W
10-06-2025;24,7;31,5;26,5;87;0;8;5;250;1;C
11-06-2025;23,5;31,5;26,3;89;12;7,1;3;240;1;SW
12-06-2025;24,1;32,6;27,3;85;1,4;7,4;2;190;1;E
13-06-2025;25,2;32,3;28,4;82;2;8;5;70;2;E
14-06-2025;24,8;29,5;26,5;89;0;8;3;330;1;C
15-06-2025;24,1;31,8;26,5;89;9,9;6,1;3;150;1;S
16-06-2025;23,6;31,6;26,5;89;8888;7,5;3;30;1;SE
17-06-2025;23,6;33,8;27,7;81;0;8;3;280;1;W
18-06-2025;25,1;33,6;26,7;87;1,1;8;3;290;1;W
19-06-2025;24,4;30,1;26,2;88;7,9;7,2;4;240;2;S
20-06-2025;23,4;27,8;25,3;89;18;6,9;4;270;1;W
21-06-2025;23,8;32,2;27,5;82;1,3;6,8;5;130;2;SW
22-06-2025;24;31,3;26,4;86;2;8;4;180;2;SW
23-06-2025;23,1;32,9;26,2;84;2,6;7,7;4;290;2;W
24-06-2025;23,2;29;25,5;88;2,9;8;3;200;1;S
25-06-2025;23,2;32,2;26,8;86;0;8;5;180;2;S
26-06-2025;24,2;29,7;26,2;88;8888;8;3;220;1;NW
27-06-2025;24;32,3;27,5;83;0,2;7,5;3;40;1;SE
28-06-2025;23,9;30,2;25,3;91;0;8;5;300;1;W
29-06-2025;23,8;32,1;26,7;85;1,5;6,9;5;160;2;S
30-06-2025;24,2;30;25,8;86;6;8;4;250;2;W
01-07-2025;23,8;33,2;27;82;8888;7,5;4;280;2;S
02-07-2025;23,8;33,1;27,5;78;0,6;8;4;200;2;S
03-07-2025;23,2;33,9;26,2;84;0;8;7;170;2;S
04-07-2025;22,4;31,4;25,9;86;10;7,9;5;180;2;SW
05-07-2025;23,5;31,6;26,8;82;0;8;5;170;2;S
06-07-2025;24,2;33,7;26,4;84;0;8;4;100;2;SW
07-07-2025;22,9;28,2;25,1;86;77,5;7;6;280;2;W
08-07-2025;23,4;32;26,7;82;2,7;8;4;190;1;S
09-07-2025;23,2;32,5;27,2;80;0;8;4;170;2;S
10-07-2025;24,1;30,1;26,6;85;0;8;4;310;2;C
11-07-2025;23,8;31,6;27,4;83;0;7,7;3;240;1;SE
12-07-2025;24,2;33,1;26,9;85;0;8;7;280;1;C
13-07-2025;22,7;32,8;27,1;81;1;6,7;3;120;1;S
14-07-2025;24;33;26,7;85;0;8;4;250;2;S
15-07-2025;24,7;26,1;25,5;93;12,8;7,6;3;190;1;W
16-07-2025;24,4;31,1;27,4;83;5,5;4,4;5;230;2;C
17-07-2025;24,8;27;25,6;92;0;8;3;230;2;SW
18-07-2025;23,9;30,3;26,4;86;1,2;5,2;4;190;2;SW
19-07-2025;23,7;29,5;25,7;82;8888;8;6;190;2;S
20-07-2025;22,3;31,9;26,3;78;0;8;5;210;2;S
21-07-2025;22,1;31,9;26,3;79;0;8;4;200;2;S
22-07-2025;22,8;32,7;26,6;79;0;8;4;190;2;S
23-07-2025;23;33,3;27,1;80;0;8;4;170;2;S
24-07-2025;23,6;33,1;27,8;83;0;8;5;190;2;S
25-07-2025;25,2;33,2;27,4;84;0;8;4;240;2;S
26-07-2025;23;33;27,2;81;7;8;4;230;2;SW
27-07-2025;24,7;31,7;28;79;0;8;6;250;2;W
28-07-2025;25,2;32,8;28,1;80;0;7,3;4;180;2;S
29-07-2025;22,8;33,2;27,4;77;0;8;6;160;2;S
30-07-2025;22,4;33,1;26,9;80;0;8;5;180;2;SW
31-07-2025;24,2;33,1;26,8;86;0;8;4;200;2;SW
01-08-2025;23,2;33,6;27,6;82;37;7,8;5;70;1;E
02-08-2025;24,2;31,3;26,2;89;0;8;3;320;1;W
03-08-2025;24,1;30,6;26,2;91;23,7;7,2;5;180;1;W
04-08-2025;23,9;30,7;26,7;84;8,8;5,5;4;160;2;S
05-08-2025;24;33;27,6;82;10;8;5;240;2;W
06-08-2025;23,9;30,1;26,3;88;0;8;4;210;2;S
07-08-2025;23,9;32,2;27,4;82;1,7;7,8;3;130;1;SE
08-08-2025;23,3;32,2;26,7;85;0;8;4;130;1;S
09-08-2025;24,1;28;25,8;90;8888;8;4;196;1;S
10-08-2025;23,5;28,5;25,8;88;3,4;5,1;3;210;1;SW
11-08-2025;22,1;32,2;26;83;1,8;8;4;180;2;S
12-08-2025;23,6;31,6;25,7;84;1;8;5;230;2;W
13-08-2025;22,7;28,6;25,3;87;28,7;5,9;4;260;2;W
14-08-2025;22,8;30,9;25,6;87;0,8;7,3;6;270;2;SW
15-08-2025;22,6;31,2;26,2;84;44,2;7,3;4;190;2;S
16-08-2025;23,3;30,3;26,4;87;0,8;8;4;190;1;S
17-08-2025;23,9;30,3;26,5;86;4,2;8;3;300;2;S
18-08-2025;23,4;30,6;26,6;82;11,6;7,5;5;90;2;E
19-08-2025;23;31,7;27,1;79;0;8;5;190;2;NE
20-08-2025;24,3;29,8;26,3;88;2,9;8;4;230;2;SW
21-08-2025;23,7;29,1;25,8;87;6,6;8;4;250;2;W
22-08-2025;24,2;31,8;27,3;80;0,6;8;4;270;2;S
23-08-2025;25,1;30;26,6;89;8888;8;4;200;1;C
24-08-2025;24,2;28,8;26,1;88;27,4;7,4;4;190;2;W
25-08-2025;23,4;30,5;26,5;82;8888;8;4;230;2;W
26-08-2025;23,6;31,2;26,4;82;8888;8;4;180;1;S
27-08-2025;22,2;30,4;25,9;85;28,5;8;4;230;2;SW
28-08-2025;23,1;31,6;26,3;83;1,2;8;4;210;2;SW
29-08-2025;23,5;32;26;85;0;8;5;170;2;S
30-08-2025;23,3;28,9;26,2;87;6,2;8;3;240;1;S
31-08-2025;24,6;27;24,5;93;0;8;5;360;2;W
01-09-2025;22,2;31,4;26,6;85;42,5;5,4;4;310;2;S
02-09-2025;24;32,6;27,3;84;1;8;5;40;1;SW
03-09-2025;23,7;30,8;26;90;2,2;8;4;170;1;SE
04-09-2025;24,4;32,3;27,2;83;52,3;6,5;3;240;1;W
05-09-2025;24,2;30,9;26,7;88;27,5;7,9;5;50;2;W
06-09-2025;22,9;28,9;25,3;89;38,1;8;2;330;1;C
07-09-2025;23,2;31,5;26,2;85;0,4;8;5;200;1;S
08-09-2025;24,2;31;27,1;85;3,5;8;3;220;1;SW
09-09-2025;24;28,5;25,8;90;8888;8;3;260;1;W
10-09-2025;23,6;31,5;26,7;87;6,2;7,9;3;110;1;C
11-09-2025;23,8;29,5;26;91;0,4;6,9;3;260;1;W
12-09-2025;24,9;32,2;27,4;85;5,8;5,8;4;300;2;S
13-09-2025;24,3;31,4;26,6;88;0,6;8;5;260;1;SW
14-09-2025;23,5;30;26;89;8;7,2;3;180;1;W
15-09-2025;24;31,9;27,4;83;2,9;8;3;170;1;S
16-09-2025;23,5;30,6;24,8;92;8888;8;5;190;1;C
17-09-2025;23;30,8;25,6;89;9,9;5,5;3;217;1;SW
18-09-2025;23,4;31,5;26,7;84;5;7,7;3;230;1;S
19-09-2025;23,8;32,2;27;86;0;8;4;40;1;SW
20-09-2025;23,9;33;28;81;25,3;8;5;200;2;S
21-09-2025;24,1;32,5;27,2;82;1;8;4;200;1;SW
22-09-2025;23,5;32,2;27,2;81;8888;8;5;200;2;S
23-09-2025;22,6;32,6;26,9;79;0;8;5;167;2;S
24-09-2025;24,2;33,4;27,1;84;0;8;5;190;2;S
25-09-2025;23,7;31,7;27,3;86;12,8;6,5;3;260;1;W
26-09-2025;23,1;31,6;26,4;88;0;8;3;240;1;S
27-09-2025;23,7;31,9;26,4;87;8888;8;5;160;1;W
28-09-2025;23,3;32,5;27;84;20,5;6,3;3;70;1;E
29-09-2025;23,6;32,7;27,5;81;1,4;7,9;4;30;2;NE
30-09-2025;24,3;30,5;26,9;87;0;8;3;280;1;W